caminhos,setor
"Z:\PCP\00 - GESTÃO PCP\FICHAS PRODUTOS MODELO IMPORTAÇÃO - PCP\MODELO ACIONAMENTO BV CADENA.xlsx",motores
"Z:\PCP\00 - GESTÃO PCP\FICHAS PRODUTOS MODELO IMPORTAÇÃO - PCP\MODELO AUTOMAÇÃO ACIONAMENTO - OK.xlsx",motores
"Z:\PCP\00 - GESTÃO PCP\FICHAS PRODUTOS MODELO IMPORTAÇÃO - PCP\MODELO AUTOMAÇÃO DZ,BV,NBV -  OK.xlsx",motores
"Z:\PCP\00 - GESTÃO PCP\FICHAS PRODUTOS MODELO IMPORTAÇÃO - PCP\MODELO AUTOMAÇÃO PIVOTANTE - OK.xlsx",motores
"Z:\PCP\00 - GESTÃO PCP\FICHAS PRODUTOS MODELO IMPORTAÇÃO - PCP\MODELO BARREIRA ARTICULADA OFICIAL REFORMULADO - OK.xlsx",motores
"Z:\PCP\00 - GESTÃO PCP\FICHAS PRODUTOS MODELO IMPORTAÇÃO - PCP\MODELO CANCELA - OK.xlsx",motores
"Z:\PCP\00 - GESTÃO PCP\FICHAS PRODUTOS MODELO IMPORTAÇÃO - PCP\MODELO CANCELA LIGHT - OK.xlsx",motores
"Z:\PCP\00 - GESTÃO PCP\FICHAS PRODUTOS MODELO IMPORTAÇÃO - PCP\MODELO CREMALHEIRAS - OK.xlsx",motores
"Z:\PCP\00 - GESTÃO PCP\FICHAS PRODUTOS MODELO IMPORTAÇÃO - PCP\MODELO FABRICAÇÃO TANQUINHOS.xlsx",motores
"Z:\PCP\00 - GESTÃO PCP\FICHAS PRODUTOS MODELO IMPORTAÇÃO - PCP\MODELO KIT BEL MAQUINAS.xlsx",motores
"Z:\PCP\00 - GESTÃO PCP\FICHAS PRODUTOS MODELO IMPORTAÇÃO - PCP\MODELO KIT MOTORES - OK.xlsx",motores
"Z:\PCP\00 - GESTÃO PCP\FICHAS PRODUTOS MODELO IMPORTAÇÃO - PCP\MODELO NOVAS BARREIRAS CANCELA - OK.xlsx",motores
"Z:\PCP\00 - GESTÃO PCP\FICHAS PRODUTOS MODELO IMPORTAÇÃO - PCP\MODELO PIVO ROBÔ.xlsx",motores
"Z:\PCP\00 - GESTÃO PCP\FICHAS PRODUTOS MODELO IMPORTAÇÃO - PCP\MODELO PORTA DE ENROLAR - OK.xlsx",motores
"Z:\PCP\00 - GESTÃO PCP\FICHAS PRODUTOS MODELO IMPORTAÇÃO - PCP\MODELO PORTA SOCIAL.xlsx",motores
"Z:\PCP\00 - GESTÃO PCP\FICHAS PRODUTOS MODELO IMPORTAÇÃO - PCP\MODELO REPOSIÇÃO MOTORES - OK.xlsx",motores
"Z:\PCP\00 - GESTÃO PCP\FICHAS PRODUTOS MODELO IMPORTAÇÃO - PCP\MODELO TRINO NEW BV CADENA.xlsx",motores
"Z:\PCP\00 - GESTÃO PCP\FICHAS PRODUTOS MODELO IMPORTAÇÃO - PCP\MODELO BARREIRA CANCELA CONVENCIONAL - 2.xlsx",motores
"Z:\PCP\00 - GESTÃO PCP\FICHAS PRODUTOS MODELO IMPORTAÇÃO - PCP\MODELO LISTAS NOVOS PRODUTOS.xlsx",motores
"Z:\PCP\00 - GESTÃO PCP\FICHAS PRODUTOS MODELO IMPORTAÇÃO - PCP\MODELO LISTAS NOVOS PRODUTOS.xlsx",fechaduras
"Z:\PCP\00 - GESTÃO PCP\FICHAS PRODUTOS MODELO IMPORTAÇÃO - PCP\MODELO FECHADURAS PORTA DE VIDRO - OK.xlsx",fechaduras
