Codigo MP;Descricao MP;Atraso;Hoje;Semana1;Semana2;Semana3;Semana4;Proxima;Seguinte;Total
100226;MICROCONTROLADOR  ZY-AGL 433 - REMOTE  PCB - ZYAGL.;18,0;18,0;18,0;18,0;18,0;18,0;18,0;18,0;18,0
100802;TRANSMISSOR 433MHZ REMOTE - MODELO: AGL-E2  (DIGITAL KEY 6P20 BLACK);3316,0;3648,0;3818,0;4428,0;6024,0;12510,0;16070,0;20360,0;35260,0
100817;SENSOR REED SWITCH (MODELO FLEX-14 1315);2,0;2,0;2,0;172,0;312,0;312,0;362,0;362,0;362,0
101306;CAPAC. FIXO C/DIEL. DE POLIP. BIOR. P/MOTORES CMRW CANECA PLASTICA 15uf 250V 50;518,0;391,0;391,0;491,0;738,0;1890,0;2548,0;3548,0;4948,0
101307;CAPACITOR FIXO C/DIELETRICO DE POLIPROPILENO BIORIENTADO P/MOTORES CMRW CANECA PLASTICA 20uf 250V 50;62,0;72,0;72,0;77,0;90,0;90,0;90,0;90,0;90,0
101309;CAPACITOR FIXO C/DIELETRICO DE POLIPROPILENO BIORIENTADO P/MOTORES CMRW CANECA PLASTICA 30UF 250V 50;299,0;199,0;209,0;313,0;342,0;479,0;679,0;1079,0;1779,0
101311;CAPACITOR FIXO C/DIELETRICO DE POLIPROPILENO BIORIENTADO P/MOTORES CMRW CANECA PLASTICA 50uf 250V 50;7,0;7,0;7,0;7,0;7,0;11,0;11,0;11,0;11,0
101553;SENSOR EFEITO HALL AH3781-P-B 0,30W HALL LATCH SWITCH SIP-3 BULK (AH3781-P-B);25,0;25,0;25,0;25,0;35,0;997,0;1497,0;1997,0;3497,0
101819;BATERIA DE LITHIUM CR2032 210mAH 3V TRAY (CR2032);18,0;18,0;18,0;18,0;18,0;18,0;18,0;18,0;18,0
101889;CAPACITOR FIXO C/DIELETRICO DE POLIPROPILENO BIORIENTADO P/MOTORES CMLW CANECA PLASTICA 12uf 250V;599,0;899,0;899,0;972,0;1477,0;3002,0;3877,0;4692,0;10092,0
101890;CAPACITOR FIXO C/DIELETRICO DE POLIPROPILENO BIORIENTADO P/MOTORES CMLW CANECA PLASTICA 25uf 250V;167,0;167,0;247,0;312,0;312,0;782,0;782,0;782,0;782,0
101950;SENSOR MAGNÉTICO TIPO HALL AH3722A-P-B (MODELO AH3722A-P-B);39,0;39,0;39,0;43,0;60,0;60,0;60,0;60,0;60,0
102560;CONECTOR ELÉTRICO DE TORÇÃO MODELO P-1;14,0;45,0;45,0;79,0;85,0;85,0;132,0;162,0;162,0
102573;BOBINA TUBULAR PEBD LEITOSA IMPRESA P/ ACIONAMENTO DE MOTORES;2,29;9,45;9,45;17,92;21,21;26,51;45,33;183,29;269,61
102574;BOBINA TUBULAR PEBD LEITOSA LISA P/ ACIONAMENTO DE MOTORES;0,0;8,69;8,69;28,13;28,13;28,13;34,61;40,71;40,71
102806;MICRO CHAVE NS0-040D PARA BV CORRENTE;0,0;0,0;0,0;0,0;0,0;4,0;4,0;4,0;4,0
102815;FONTE DE ALIMENTAÇÃO 12V - 5A POWER SUPPLIER;14,0;45,0;45,0;79,0;85,0;85,0;132,0;162,0;162,0
103064;CONECTOR FÊMEA EC601V-5.08-3P GREEN BAG/BULK (EC601V-5.08-3P);1619,0;1752,0;1837,0;2138,0;2930,0;6173,0;7906,0;10021,0;17471,0
103130;CABO CONECTOR TERMINAL WHITE WIRE BLK-PH-3P L180 BOX (BLK-PH-3P L180);26,0;26,0;26,0;26,0;36,0;996,0;1496,0;1996,0;3496,0
103131;CABO CONECTOR TERMINAL WHITE WIRE BLK-PH-3P L500 BOX (BLK-PH-3P L500);41,0;41,0;41,0;45,0;62,0;64,0;64,0;64,0;64,0
103132;CABO CONECTOR TERMINAL WHITE WIRE BLK-PH-3P L1000 BOX (BLK-PH-3P L1000);0,0;36,0;36,0;112,0;116,0;116,0;148,0;166,0;166,0
103144;CABO CONECTOR TERMINAL WHITE WIRE BLK-4P 1800/650 BOX (BLK-4P 1800/650);1,0;1,0;1,0;86,0;156,0;156,0;181,0;181,0;181,0
103549;TERMINAL FASTON FEMEA ISOLADO 0,5-1,5MM;0,0;0,0;0,0;0,0;0,0;8,0;8,0;8,0;8,0
103795;FIO PARALELO 1,5MM N14BC MEGA 100M;49,14;157,95;157,95;277,29;298,35;298,35;463,32;568,62;568,62
105008;FITA DE ARQUEAR 10X0,65 AZUL C/ 3000;2,59;17,57;17,57;68,33;214,0;225,79;231,59;246,72;246,72
105068;BOBINA LAMINADA 2,00MM PRETA 23 (EVA PARA MOTORES);12,15;6,5;6,63;8,85;14,15;20,48;29,42;49,42;63,18
105069;FITA EMPACT. 50MT X 48MM ACRI;29,31;28,87;29,03;33,72;45,41;89,09;116,59;159,09;305,19
105070;FITA GOMADA APK 80 C/REFORCO IMP;0,55;0,55;0,55;0,7;0,86;0,86;1,25;1,25;1,25
105071;FITA GOMADA 80 MM COM REFORÇO;0,0;1,21;1,21;2,38;2,46;2,46;3,9;5,07;5,07
201066;ROLO ZINCADO 1,25X50 NBR-7008-ZC;49,22;475,14;475,14;1740,37;2753,09;3091,86;3260,26;3693,68;3693,68
201125;GRAMPO 35/18 UNIDADE;3662,0;2926,0;3276,0;4782,0;5034,0;11334,0;12274,0;15874,0;17374,0
201147;"TRILHO REMOVÍVEL PORTA SOCIAL -  BRUTO STLF-1196 6063 T5 NT 6000 P5"" 4 Furo";0,0;0,0;0,0;0,0;0,0;6,11;12,22;20,22;20,22
202062;AÇO RED TREF SAE 1020 5.00 SAE;0,0;0,0;0,0;2,87;3,33;3,33;3,33;3,33;3,33
208003;IMÃ DE FERRITE - B40X20X10MM;1966,0;2654,0;2814,0;3208,0;4392,0;10350,0;13100,0;15730,0;29530,0
208004;IMÃ DE FERRITE - B20X13X5MM;30,0;146,0;146,0;212,0;228,0;284,0;534,0;2164,0;3264,0
208006;ANEL ENCODER - ROUND MAGNET;58,0;58,0;58,0;58,0;73,0;1037,0;1537,0;2037,0;3537,0
301053;BORRACHA DE ISOLAMENTO ACÚSTICO DA PORTA SOCIAL;0,0;0,0;0,0;0,0;0,0;46,2;92,4;152,9;152,9
401006;PARAFUSO 4.8 X 19 PN. PH - ZI;2,0;2,0;2,0;2,0;2,0;2,0;2,0;2,0;2,0
401007;PARAFUSO 4.8 X 13 A/A PN. PH - ZI;1052,0;1120,0;1120,0;24682,0;53438,0;54350,0;56622,0;58662,0;59862,0
401012;PARAFUSO 3.5 X 13 CH. PH - OXI;82,0;82,0;82,0;90,0;124,0;128,0;128,0;128,0;128,0
401012;PARAFUSO 3.5 X 13 CH. PH - OXI (PROD);84,0;88,0;88,0;88,0;88,0;88,0;88,0;88,0;88,0
401014;PARAFUSO 2.9 X 6.5 A/A PAN PHS ZI;2607,0;2493,0;2583,0;2929,0;3942,0;6486,0;8077,0;10492,0;16992,0
401031;ARRUELA LISA M6;6008,0;2392,0;2472,0;3808,0;4080,0;8080,0;8080,0;16080,0;20080,0
401044;PARAFUSO A/A PAN PHS 2.9 X 9.5;1,0;1,0;1,0;1,0;1,0;17,0;17,0;17,0;17,0
401051;PARAFUSO PA ALLEN M6 x 20;56,0;180,0;180,0;316,0;360,0;360,0;548,0;668,0;668,0
401068;ARRUELA LISA 1/4 FE ZI;4334,0;6066,0;6386,0;7372,0;9622,0;21556,0;27806,0;34956,0;64356,0
401069;PARAFUSO 2 9X13MM A/A PAN PHS ZI;30,0;146,0;146,0;212,0;230,0;436,0;686,0;5316,0;7916,0
401077;PORCA F MET SEXTAVADA M10 (CH17) ZI;14,0;45,0;45,0;79,0;90,0;90,0;137,0;167,0;167,0
401085;PORCA F MQ UNC SEXT. 1/4 (CH7/16) ZI (NSC);229,0;811,0;811,0;1141,0;1219,0;1449,0;2699,0;9849,0;14849,0
401095;PARAFUSO MET SXT RI M6-1.00MA X 20 ZI;6008,0;2392,0;2472,0;3808,0;4080,0;8080,0;8080,0;16080,0;20080,0
401108;PARAFUSO PLASTIC PAN PHS 5 X 25MM ZI;9550,0;12990,0;13790,0;15760,0;21148,0;50890,0;64640,0;77790,0;146790,0
401109;PF A/A PAN PHS 3,9 X 13MM ZI;140,0;594,0;594,0;1238,0;1322,0;1322,0;1920,0;2292,0;2292,0
401115;PARAFUSO MQ UNC SXT RI 1/4 X 1.1/4 - ZI;90,0;438,0;438,0;636,0;678,0;696,0;1446,0;3336,0;5136,0
401121;ABRAÇADEIRA UV PRETA 202X3,7;282,0;292,0;372,0;469,0;507,0;1016,0;1216,0;1416,0;2016,0
401134;PARAFUSO PAN CRUZ 3,5MMX27MM (FABR. AGL) - ZINCADO (PROD);1502,0;598,0;618,0;952,0;1020,0;2020,0;2020,0;4020,0;5020,0
401141;PARAFUSO AÇO MET CIL SX INT M6X30MM OX;56,0;180,0;180,0;316,0;360,0;360,0;548,0;668,0;668,0
401143;ABRAÇADEIRA UV PRETA 100 X 2,5;192,0;192,0;192,0;211,0;233,0;244,0;244,0;244,0;244,0
401156;PARAFUSO MAD SX 1/4 X 70MM ZI;3928,0;5304,0;5624,0;6412,0;8620,0;20536,0;26036,0;31296,0;58896,0
401157;PARAFUSO PAN ZBR P/ CHAVE TORX M5 X 30MM T25;30,0;146,0;146,0;212,0;230,0;336,0;586,0;3216,0;4816,0
401160;PARAFUSO MQ HXL M5 X 16MM RI T25 ZBR;4788,0;2076,0;2136,0;3138,0;4482,0;7562,0;9710,0;17510,0;22310,0
401161;PARAFUSO PAN ZBR P/ CHAVE TORX M5 X 20MM T25;1059,0;1161,0;1161,0;1251,0;1419,0;1485,0;1485,0;1485,0;1485,0
401162;PARAFUSO PAN ZBR P/ CHAVE TORX M5 X 25MM T25;270,0;270,0;270,0;270,0;402,0;450,0;450,0;450,0;450,0
401163;PARAFUSO PLASTIC PAN PHS 5 X 12MM ZI;3245,0;16373,0;16533,0;29452,0;31997,0;47024,0;54338,0;75018,0;92818,0
401164;PARAFUSO MQ UNC SX RI 1/4 X 1/2 ZI;60,0;292,0;292,0;584,0;620,0;832,0;1372,0;6632,0;9832,0
401166;PO F MET SEXT. M5 (CH8) ZI (NSC);158,0;162,0;162,0;162,0;162,0;162,0;162,0;162,0;162,0
401169;PARAFUSO PAN PLASTIC PHS 3,5X14MM ZI;252,0;264,0;264,0;264,0;264,0;264,0;264,0;264,0;264,0
401169;PF JMP PAN PHS 3,5X14MM ZI;3050,0;3828,0;3988,0;4472,0;6964,0;12994,0;17892,0;22322,0;37922,0
401172;P ACO MET S/CAB SX INT PTA CONCOVA M8X20MM OX;14,0;45,0;45,0;79,0;90,0;90,0;137,0;167,0;167,0
401173;REBITE C/ROSCA SEXT. M5 CAB. PLANA ZB;140,0;450,0;450,0;790,0;850,0;902,0;1372,0;1672,0;1672,0
401182;PARAFUSO AÇO MET CIL SX INT M10X40MM OX;84,0;270,0;270,0;474,0;510,0;510,0;792,0;972,0;972,0
401190;PARAFUSO MET SX RI M10 X 100MM ZI;14,0;45,0;45,0;79,0;90,0;90,0;137,0;167,0;167,0
401198;PARAFUSO PLASTIC PAN PHILLIPS 4 X 10 ZB - ZINCADO;1756,0;852,0;872,0;1228,0;1316,0;2316,0;2316,0;4316,0;5316,0
401199;PORCA PARLOCK MA 6MM ZB;224,0;720,0;720,0;1264,0;1440,0;1440,0;2192,0;2672,0;2672,0
401207;PF A/A JMC DRILL FL PHS C/ SERRILHA PTA BROCA 4,2X13MM ZI;3960,0;5398,0;5718,0;6574,0;8954,0;20870,0;26464,0;31784,0;59384,0
401208;PA MQ PN HXL T25 TMA 5X12 RI ZB;1204,0;1634,0;1634,0;2094,0;2378,0;2450,0;2920,0;3220,0;3220,0
401208;PA MQ PN HXL T25 TMA 5X12 RI ZB (ROSCA COMPLETA);336,0;352,0;352,0;352,0;352,0;352,0;352,0;352,0;352,0
401218;ABRAC UV PRETA 400X4,8 - 100 PCS;42,0;135,0;135,0;237,0;255,0;255,0;396,0;486,0;486,0
401228;PARAFUSO ALLEN RI M3 X 16 ZI;0,0;0,0;0,0;0,0;0,0;8,0;8,0;8,0;8,0
401230;PORCA BAIXA M20 ZI;0,0;0,0;0,0;0,0;0,0;4,0;4,0;4,0;4,0
401254;PARAFUSO PA ALLEN  M6 x 12;112,0;360,0;360,0;632,0;720,0;720,0;1096,0;1336,0;1336,0
401260;PARAFUSO MQ PN HXL T25 TMA 5X45 PS 30 ZB (ROSCA COMPLETA);791,0;1135,0;1215,0;1393,0;1908,0;4873,0;6248,0;7563,0;14463,0
401290;"PEGA VIDRO PORTA SOCIAL - BRANCO - 0,82M - NL-0071F P8"" 1 FURO";0,0;0,0;0,0;0,0;0,0;6,0;12,0;20,0;20,0
401291;"PEGA VIDRO PORTA SOCIAL - BRANCO - 1,10M - NL-0071F P8"" 1 FURO";0,0;0,0;0,0;0,0;0,0;4,0;8,0;20,0;20,0
401294;"PEGA VIDRO PORTA SOCIAL - PRETO - 0,82M - NL-0071F P8"" 1 FURO";0,0;0,0;0,0;0,0;0,0;6,0;12,0;22,0;22,0
401295;"PEGA VIDRO PORTA SOCIAL - PRETO - 1,10M - NL-0071F P8"" 1 FURO";0,0;0,0;0,0;0,0;0,0;8,0;16,0;18,0;18,0
401303;ABRAÇADEIRA UV PRETA 300X3,6;15,0;73,0;73,0;106,0;113,0;116,0;241,0;556,0;856,0
401309;"PERFIL PRINCIPAL DE SUPORTE DO MOTOR DA PORTA SOCIAL - BRANCO - 3,3M - NL-0072F P8"" 1 Furo";0,0;0,0;0,0;0,0;0,0;3,0;6,0;10,0;10,0
401310;"PERFIL PRINCIPAL DE SUPORTE DO MOTOR DA PORTA SOCIAL - BRANCO - 4,4M - NL-0072F P8"" 1 Furo";0,0;0,0;0,0;0,0;0,0;2,0;4,0;10,0;10,0
401313;"PERFIL PRINCIPAL DE SUPORTE DO MOTOR DA PORTA SOCIAL - PRETO - 3,3M - NL-0072F P8"" 1 Furo";0,0;0,0;0,0;0,0;0,0;3,0;6,0;11,0;11,0
401314;"PERFIL PRINCIPAL DE SUPORTE DO MOTOR DA PORTA SOCIAL - PRETO - 4,4M - NL-0072F P8"" 1 Furo";0,0;0,0;0,0;0,0;0,0;4,0;8,0;9,0;9,0
401321;"ACABAMENTO FRONTAL DA PORTA SOCIAL - PRETO - 3,3M - STLF-1195 P7"" 1 Furo";0,0;0,0;0,0;0,0;0,0;3,0;6,0;11,0;11,0
401322;"ACABAMENTO FRONTAL DA PORTA SOCIAL - PRETO - 4,4M - STLF-1195 P7"" 1 Furo";0,0;0,0;0,0;0,0;0,0;4,0;8,0;9,0;9,0
401325;"ACABAMENTO FRONTAL DA PORTA SOCIAL - BRANCO - 3,3M - STLF-1195 P7"" 1 Furo";0,0;0,0;0,0;0,0;0,0;3,0;6,0;10,0;10,0
401326;"ACABAMENTO FRONTAL DA PORTA SOCIAL - BRANCO - 4,4M - STLF-1195 P7"" 1 Furo";0,0;0,0;0,0;0,0;0,0;2,0;4,0;10,0;10,0
402012;ANEL ELÁSTICO E-20;2631,0;1894,0;1914,0;2406,0;2687,0;3768,0;4004,0;6604,0;8204,0
402013;RETENTOR GR 20X30X7 TC GTOP;192,0;222,0;222,0;252,0;308,0;330,0;330,0;330,0;330,0
402015;ANEL ELASTICO E12;168,0;176,0;176,0;176,0;176,0;176,0;176,0;176,0;176,0
402015;ANEL ELÁSTICO E12;1739,0;1347,0;1357,0;1568,0;2434,0;3006,0;4438,0;6638,0;8338,0
402017;CP DE FERRO ZINCADO 3/16 X 1. 1/4;1545,0;761,0;781,0;1216,0;1303,0;2306,0;2525,0;4900,0;6200,0
402018;ESPAGUETE LISO 10MMX150MM;134,1;68,55;70,05;97,35;135,15;211,95;265,65;460,65;580,65
402019;PINO ELÁSTICO 4 X 24MM;2042,0;2747,0;2907,0;3297,0;4772,0;10733,0;14199,0;17429,0;31829,0
402023;ANEL ELÁSTICO E-25 X 12;2,0;2,0;2,0;2,0;2,0;2,0;2,0;2,0;2,0
402024;CHUMBADOR CBJ C/PRISIONEIRO 3/8X110MM ZI;4,0;4,0;4,0;4,0;4,0;4,0;4,0;4,0;4,0
402028;BUCHA PLASTICA N10;3928,0;5304,0;5624,0;6412,0;8620,0;20536,0;26036,0;31296,0;58896,0
402034;ANEL DE RETENÇÃO ORING INTERNO 14MM X 2,6MM;39,0;39,0;39,0;43,0;60,0;62,0;62,0;62,0;62,0
402036;BUCHA PLASTICA N06;878,0;426,0;436,0;614,0;658,0;1158,0;1158,0;2158,0;2658,0
402042;CHUMBADOR PBJ PARABOLT MQ UNC 3/8X3 ZI;56,0;180,0;180,0;316,0;340,0;340,0;528,0;648,0;648,0
402578;MOLA PARA DESTRAVAMENTO PIVOTANTE Ø24.0 x Ø1.5 x 30.86;254,0;154,0;164,0;226,0;230,0;330,0;330,0;530,0;630,0
402578;MOLA PARA DESTRAVAMENTO PIVOTANTE Ø24.0 x Ø1.5 x 30.87;113,0;113,0;113,0;124,0;129,0;129,0;129,0;129,0;129,0
402578;MOLA PARA DESTRAVAMENTO PIVOTANTE Ø24.0 x Ø1.5 x 30.88;352,0;0,0;0,0;94,0;104,0;504,0;504,0;1304,0;1704,0
402578;MOLA PARA DESTRAVAMENTO PIVOTANTE Ø24.0 x Ø1.5 x 30.91;14,0;14,0;14,0;14,0;19,0;19,0;19,0;19,0;19,0
402578;MOLA PARA DESTRAVAMENTO PIVOTANTE Ø24.0 x Ø1.5 x 30.92;18,0;18,0;18,0;18,0;28,0;28,0;28,0;28,0;28,0
402578;MOLA PARA DESTRAVAMENTO PIVOTANTE Ø24.0 x Ø1.5 x 30.98;0,0;0,0;0,0;0,0;2,0;2,0;2,0;2,0;2,0
403032;MOLA DE DESTRAVAMENTO DESLIZANTE;982,0;1326,0;1406,0;1603,0;2155,0;5134,0;6509,0;7824,0;14724,0
403047;MOLA DO FREIO MOTOR PIVOTANTE/ NEW BV;816,0;374,0;384,0;556,0;596,0;1100,0;1100,0;2100,0;2600,0
403050;MOLA DE DESTRAVAMENTO MOTOR INDUSTRIAL FIO 2,40MM X 80,00MM;1,0;1,0;1,0;1,0;1,0;1,0;1,0;1,0;1,0
403055;MOLA DO FREIO NEW BV HEAVY SPEED;4,0;4,0;4,0;4,0;4,0;4,0;4,0;4,0;4,0
411015;ROLAMENTO 6004 ZZ / 2RS;84,0;88,0;88,0;88,0;88,0;88,0;88,0;88,0;88,0
411015;ROLAMENTOS 6004 ZZ;82,0;92,0;92,0;96,0;96,0;100,0;100,0;100,0;100,0
411017;ROLAMENTOS 6201-08 ZZ C3;1926,0;1052,0;1072,0;1436,0;1940,0;2968,0;3684,0;6284,0;7884,0
411017;ROLAMENTOS 6201-08 ZZ C3 12,7MM;84,0;88,0;88,0;88,0;88,0;88,0;88,0;88,0;88,0
411039;TARUGO PE CINZA 10 mm;27,5;114,5;114,5;169,5;185,0;227,0;418,0;1648,0;2473,0
411058;CORDÃO ESPONJOSO 1/8  Ø 3MM + 0,4MM (ANEL DE VEDAÇÃO);132,58;100,94;101,64;120,26;128,94;163,94;163,94;233,94;268,94
411067;ROLAMENTO 6205LLUC3/2AS 25mm x 52mm x 15;2,0;2,0;2,0;2,0;2,0;2,0;2,0;2,0;2,0
412008;ESTATOR BOBINADO AGL BV/NEW BV/PIVO P28 1/5 cv 04 42 127V 60Hz;19,0;19,0;19,0;19,0;19,0;27,0;27,0;27,0;27,0
412023;ESTATOR BOBINADO AGL BV/NEW BV/PIVO P33 1/4 cv 04 42z 127V 60Hz;265,0;165,0;175,0;245,0;259,0;362,0;362,0;562,0;662,0
412024;ESTATOR BOBINADO AGL NEW BV P39 04 42Z 127V 60HZ;2,0;2,0;2,0;2,0;2,0;2,0;2,0;2,0;2,0
412027;ROTOR AGL BV/PIVO P28 1/5 cv 04;0,0;0,0;0,0;0,0;190,0;193,0;501,0;801,0;1101,0
412027;ROTOR AGL BV/PIVO P28 4 POLOS;32,0;32,0;32,0;32,0;47,0;47,0;47,0;47,0;47,0
412030;ESTATOR BOBINADO AGL DESL P17 1/7 cv 04 42Z 220V 50HZ;0,0;0,0;0,0;0,0;0,0;0,0;1,0;1,0;1,0
412038;ESTATOR BOBINADO AGL NEW BV/BV SPEEDTURBO PRO P39 4P 3F 110V 60HZ;79,0;81,0;81,0;81,0;81,0;81,0;81,0;81,0;81,0
412095;ROTOR AGL DESL P17 4 POLOS;0,0;0,0;0,0;0,0;0,0;0,0;1,0;1,0;1,0
412100;ROTOR AGL DESL P33 1/4 cv 04;0,0;0,0;0,0;0,0;0,0;0,0;1,0;1,0;1,0
412147;ROTOR AGL NEW BV P28 1/5 cv 04;43,0;43,0;43,0;43,0;43,0;51,0;51,0;51,0;51,0
412150;ESTATOR BOBINADO AGL BV/NEW BV/PIVO P33 1/4 cv 04 42z 220V 60Hz;550,0;208,0;208,0;318,0;351,0;751,0;801,0;1601,0;2001,0
412151;ESTATOR BOBINADO AGL NEW BV P39 04 42Z 220V 60HZ;2,0;7,0;7,0;9,0;9,0;9,0;9,0;9,0;9,0
412155;ESTATOR BOBINADO AGL BV/NEW BV/PIVO P28 1/5 cv 04 42 220V 60Hz;56,0;56,0;56,0;56,0;261,0;264,0;572,0;872,0;1172,0
412161;ROTOR AGL BV/PIVO P33 1/4 cv 04;766,0;314,0;324,0;491,0;510,0;1010,0;1060,0;2060,0;2560,0
412162;ROTOR AGL NEW BV P33 1/3 cv 04;49,0;59,0;59,0;72,0;100,0;103,0;103,0;103,0;103,0
412163;ROTOR AGL NEW BV P39;41,0;46,0;46,0;48,0;48,0;48,0;48,0;48,0;48,0
412163;ROTOR AGL NEW BV P39 4 POLOS;42,0;44,0;44,0;44,0;44,0;44,0;44,0;44,0;44,0
412164;ESTATOR BOBINADO AGL DESL P33 1/4 cv 04 42Z 220V 50Hz;0,0;0,0;0,0;0,0;0,0;0,0;1,0;1,0;1,0
501043;GRAXA BRANCA UNILIT NAUTIX SACHE;0,0;0,0;0,0;0,0;2,0;52,0;52,0;1052,0;1552,0
501084;GRAXA BRANCA SACHE 15G;15,0;73,0;73,0;106,0;113,0;116,0;241,0;556,0;856,0
510027;INLUB GRAX MP 2/TI;45,1;51,57;54,41;63,3;85,09;192,52;243,56;303,87;548,07
512001;CONJUNTO ESTATOR E ROTOR AGL DESL P17 1/7 cv 04 42Z 127V 60HZ;187,0;187,0;267,0;332,0;332,0;832,0;1032,0;1232,0;1832,0
512002;CONJUNTO ESTATOR E ROTOR AGL DESL P17 1/7 cv 04 42Z 220V 60HZ;604,0;948,0;948,0;1061,0;1591,0;4059,0;5234,0;6349,0;12649,0
512004;CONJUNTO ESTATOR E ROTOR AGL DESL P28 1/4 cv 04 42Z 127V 60Hz;0,0;0,0;0,0;19,0;34,0;34,0;34,0;34,0;34,0
512005;CONJUNTO ESTATOR E ROTOR AGL DESL P28 1/4 cv 04 42Z 220V 60Hz;120,0;120,0;120,0;120,0;120,0;122,0;122,0;122,0;122,0
512008;CONJUNTO ESTATOR E ROTOR AGL DESL P33 1/4 cv 04 42Z 220V 60Hz;0,0;0,0;0,0;0,0;0,0;4,0;4,0;4,0;4,0
512011;CONJUNTO ESTATOR E ROTOR AGL DESL P45 1/2 cv 04 42Z 220V 60Hz;32,0;32,0;32,0;32,0;32,0;32,0;32,0;32,0;32,0
512014;CONJUNTO ESTATOR E ROTOR AGL DESL P28 2P 220V 60HZ;0,0;0,0;0,0;0,0;7,0;7,0;7,0;7,0;7,0
512022;CONJUNTO ESTATOR E ROTOR AGL DESL P39 4P 3F 110V 60HZ;15,0;15,0;15,0;15,0;15,0;15,0;15,0;15,0;15,0
512023;CONJUNTO ESTATOR E ROTOR AGL DESL P80 STRONG 3/4 220V 60HZ;1,0;1,0;1,0;1,0;1,0;1,0;1,0;1,0;1,0
512028;CONJUNTO ESTATOR E ROTOR AGL DESL  P24 1/4 CV 4P 3F 110V 60HZ;24,0;24,0;24,0;24,0;24,0;29,0;29,0;29,0;29,0
603027;MOTOR AVULSO DE AUTOMATIZADOR PARA PORTAS DE ENROLAR - AC600;9,0;9,0;9,0;9,0;9,0;9,0;9,0;9,0;9,0
603515;ACESSORIOS PARA AUTOMATIZADOR BRUSHLESS DC MOTOR - PAINEL CONTROLADOR;14,0;45,0;45,0;79,0;85,0;85,0;132,0;162,0;162,0
603516;ACESSORIOS PARA AUTOMATIZADOR BRUSHLESS DC MOTOR - FONTE DE ALIMENTAÇAO 24V / 10A;14,0;45,0;45,0;79,0;85,0;85,0;132,0;162,0;162,0
603517;ACESSORIOS PARA AUTOMATIZADOR BRUSHLESS DC MOTOR - RECEPTOR PARA CENTRAL BRUSHLESS;14,0;45,0;45,0;79,0;85,0;85,0;132,0;162,0;162,0
603518;ACESSORIOS PARA AUTOMATIZADOR BRUSHLESS DC MOTOR - MOLA DE CONTRA-PESO PARA CANCELA 1.2;10,0;41,0;41,0;41,0;41,0;41,0;61,0;61,0;61,0
603519;ACESSORIOS PARA AUTOMATIZADOR BRUSHLESS DC MOTOR - MOLA DE CONTRA-PESO PARA CANCELA 2.5;4,0;4,0;4,0;38,0;44,0;44,0;71,0;101,0;101,0
701154;EIXO MOTOR DESLIZANTE - BRUTO;191,0;191,0;191,0;210,0;247,0;261,0;261,0;261,0;261,0
701155;EIXO PRINCIPAL DO NEW BV - BRUTO;175,0;192,0;192,0;207,0;235,0;244,0;244,0;244,0;244,0
701156;EIXO DO MOTOR INDUSTRIAL - BRUTO;1,0;1,0;1,0;1,0;1,0;1,0;1,0;1,0;1,0
701159;PINO DESTRAVAMENTO MOTOR DZ INDUSTRIAL - BRUTO;1,0;1,0;1,0;1,0;1,0;1,0;1,0;1,0;1,0
701243;EIXO PRINCIPAL BV CADENA;0,0;0,0;0,0;0,0;0,0;2,0;2,0;2,0;2,0
701256;COROA Z11 PARA BV CADENA (P/ CORRENTE ASA 410) - BRUTO;0,0;0,0;0,0;0,0;0,0;2,0;2,0;2,0;2,0
801132;ARGOLA DA CHAVE;791,0;1135,0;1215,0;1393,0;1926,0;4894,0;6269,0;7584,0;14484,0
801219;GABINETE DA CANCELA - CINZA;14,0;45,0;45,0;79,0;85,0;85,0;132,0;162,0;162,0
801242;SUPORTE DAS FONTES CANCELA AGUSTA - CINZA;14,0;45,0;45,0;79,0;85,0;85,0;132,0;162,0;162,0
801243;PORTA DO GABINETE CANCELA - CINZA;14,0;45,0;45,0;79,0;85,0;85,0;132,0;162,0;162,0
801249;BASE SUPERIOR DE FIXAÇÃO DA CENTRAL NO GABINETE - CINZA;14,0;45,0;45,0;79,0;85,0;85,0;132,0;162,0;162,0
801265;CHAPA EM U DO SUPORTE DA BARREIRA (MODELO FIX. MACHO E FÊMEA) - CINZA;14,0;45,0;45,0;79,0;90,0;90,0;137,0;167,0;167,0
801272;SUPORTE DAS BATERIAS CANCELA AGUSTA - CINZA;14,0;45,0;45,0;79,0;85,0;85,0;132,0;162,0;162,0
802036;PARTE DE FECHADURAS - CILINDRO COM CHAVE PARA MOTOR - CYLINDER;206,0;237,0;237,0;290,0;318,0;329,0;376,0;406,0;406,0
804118;BORRACHA PASSANTE;28,0;126,0;126,0;270,0;300,0;300,0;426,0;504,0;504,0
804123;BASE SUPERIOR COM LOGO DO CONTROLE REMOTO INTER. DIGI. DIGITAL KEY - PRETO;18,0;18,0;18,0;18,0;18,0;18,0;18,0;18,0;18,0
804165;BASE INFERIOR DO CONTROLE REMOTO INTER. DIGI. DIGITAL KEY - PRETO;18,0;18,0;18,0;18,0;18,0;18,0;18,0;18,0;18,0
804177;ALÇA DO CONTROLE REMOTO INTER. DIGI. DIGITAL KEY PRETO;18,0;18,0;18,0;18,0;18,0;18,0;18,0;18,0;18,0
804246;BASE SUPERIOR NYLON DO MOTOR DESLIZANTE;0,0;0,0;0,0;0,0;15,0;15,0;15,0;15,0;15,0
804247;BASE DA CENTRAL DESLIZANTE;944,0;1288,0;1368,0;1565,0;2117,0;5091,0;6466,0;7781,0;14681,0
804248;TAMPA DA CENTRAL DESLIZANTE;944,0;1288,0;1368,0;1565,0;2117,0;5091,0;6466,0;7781,0;14681,0
804256;ACABAMENTO PERFIL BARREIRA S/ FURO;0,0;72,0;72,0;224,0;248,0;248,0;312,0;348,0;348,0
804259;BASE SUPERIOR SEM LOGO DO CONTROLE REMOTO INTER. DIGI. DIGITAL KEY - PRETO;0,0;0,0;0,0;60,0;60,0;60,0;60,0;60,0;60,0
804261;BASE SUPERIOR NYLON DO MOTOR DESLIZANTE C/ ENCODER;71,0;71,0;71,0;71,0;98,0;110,0;110,0;110,0;110,0
804326;BASE DE PROTEÇÃO DA CENTRAL NEW PIVO;439,0;213,0;218,0;307,0;329,0;579,0;579,0;1079,0;1329,0
804327;TAMPA DE PROTEÇÃO DA CENTRAL NEW PIVO;439,0;213,0;218,0;307,0;329,0;579,0;579,0;1079,0;1329,0
804426;TAMPA DA CENTRAL DESLIZANTE INVERTER;39,0;39,0;39,0;39,0;39,0;46,0;46,0;46,0;46,0
804430;CAPA DO ROLAMENTO DOS MOTORES;350,0;384,0;384,0;414,0;470,0;492,0;492,0;492,0;492,0
804431;TAMPA DO MOTOR INDUSTRIAL;1,0;1,0;1,0;1,0;1,0;1,0;1,0;1,0;1,0
804458;TRAVA DE APOIO DA BARREIRA CANCELA AGUSTA;28,0;90,0;90,0;158,0;180,0;180,0;274,0;334,0;334,0
804461;TAMPA CANCELA;14,0;45,0;45,0;79,0;85,0;85,0;132,0;162,0;162,0
804462;ACABAMENTO DO TUBO INOX PIVÔ/BARREIRA ARTICULADA;0,0;0,0;0,0;0,0;2,0;52,0;52,0;1052,0;1552,0
804482;SUPORTE FIM DE CURSO DESLIZANTE (LADO ESQUERDO);1,0;1,0;1,0;6,0;76,0;76,0;81,0;81,0;81,0
804483;SUPORTE FIM DE CURSO DESLIZANTE (LADO DIREITO);1,0;1,0;1,0;6,0;76,0;76,0;81,0;81,0;81,0
804508;COROA DO MOVIMENTADOR BV/PIVO NYLON Ø 20MM;766,0;372,0;382,0;577,0;619,0;1122,0;1240,0;2540,0;3340,0
804540;BASE SUPERIOR PP DO MOTOR DESLIZANTE;911,0;1255,0;1335,0;1532,0;2047,0;5014,0;6389,0;7704,0;14604,0
804542;BASE INFERIOR PP MOTORES DESLIZANTES;911,0;1255,0;1335,0;1532,0;2062,0;5029,0;6404,0;7719,0;14619,0
804554;CARTUCHO DA PORCA DE 5 ENTRADAS;15,0;15,0;15,0;15,0;17,0;17,0;127,0;427,0;727,0
807220;TAMPA BILATERAL PARA PORTA SOCIAL BRANCA;0,0;0,0;0,0;0,0;0,0;10,0;20,0;40,0;40,0
807222;TAMPA BILATERAL PARA PORTA SOCIAL PRETA;0,0;0,0;0,0;0,0;0,0;14,0;28,0;40,0;40,0
807223;CANTONEIRA DO BATENTE PORTA SOCIAL - ZINCADO;0,0;0,0;0,0;0,0;0,0;24,0;48,0;80,0;80,0
807224;CHAPA DE FIXAÇÃO PEGA VIDRO PORTA SOCIAL - ZINCADO;0,0;0,0;0,0;0,0;0,0;48,0;96,0;160,0;160,0
811032;MANUAL DE INSTALAÇÃO LINHA DESLIZANTE BRABUS SEM LOGO BILÍNGUE (CENTRAL FX BRABUS);0,0;0,0;0,0;0,0;7,0;7,0;7,0;7,0;7,0
811034;MANUAL DE INSTALAÇÃO LINHA PIVOTANTE SEM LOGO PORTUGUÊS (CENTRAL FLEX / DUPLA);439,0;213,0;218,0;307,0;329,0;579,0;579,0;1079,0;1329,0
811040;MANUAL DE INSTALAÇÃO LINHA IZZY QR CODE BILINGUE;34,0;34,0;34,0;38,0;80,0;1043,0;1543,0;2043,0;3543,0
811041;MANUAL DE INSTALAÇÃO LINHA NEW BV TURBO SEM LOGO PORTUGUÊS (CENTRAL NEW INVERTER);37,0;37,0;37,0;37,0;37,0;37,0;37,0;37,0;37,0
811043;MANUAL CANCELA BILINGUE SEM LOGO;14,0;45,0;45,0;79,0;85,0;85,0;132,0;162,0;162,0
811104;GABARITO DE INSTALAÇÃO LINHA TRINO;25,0;25,0;25,0;25,0;50,0;1013,0;1513,0;2013,0;3513,0
811106;MANUAL DE INSTALAÇÃO LINHA DESLIZANTE TURBO SEM LOGO PORTUGUÊS (CENTRAL NEW INVERTER);39,0;39,0;39,0;39,0;39,0;44,0;44,0;44,0;44,0
811122;MANUAL P / AUTOMATIZADOR DZ/BV/NEW BV CENTRAL FLEX/LIGHT EM PORTUGUÊS;1057,0;1416,0;1496,0;1704,0;2425,0;4448,0;5681,0;6796,0;12496,0
811276;ETIQUETA ADES. COUCHE 40MM X 25MM X 02 CAR;32,0;63,0;63,0;432,0;575,0;635,0;819,0;2149,0;2949,0
811306;ETIQUETA ADES. COUCHE 100MM X 80MM X 01 CAR;1681,0;1914,0;1999,0;2445,0;3263,0;6560,0;8423,0;11616,0;19566,0
811311;ETIQUETA ADES. BOPP FOSCO C/DFAM 50MM X 25MM X 02 CAR;2161,0;2080,0;2170,0;2565,0;3385,0;6882,0;8615,0;11230,0;18930,0
811320;RL PELICULA ADESIVA REFLETIVA GRAU COMERCIAL VERMELHO (62CMX20M);0,0;3,6;3,6;13,53;14,38;14,38;18,45;21,05;21,05
811327;ETIQUETA ADES. COUCHE 100MM X 80MM X 01 CAR AMARELA;0,0;58,0;58,0;85,0;89,0;92,0;100,0;100,0;100,0
811328;ETIQUETA ADES. COUCHE 100MM X 80MM X 01 CAR VERDE;15,0;15,0;15,0;15,0;17,0;17,0;127,0;427,0;727,0
811329;ETIQUETA ADES. COUCHE 100MM X 80MM X 01 CAR AZUL;0,0;0,0;0,0;0,0;1,0;1,0;8,0;23,0;23,0
811330;ETIQUETA ADES. COUCHE 100MM X 80MM X 01 CAR VERMELHA;0,0;0,0;0,0;5,0;5,0;5,0;5,0;5,0;5,0
811505;SACO PLASTICO TRANSPARENTE 14CM X 9CM;203,0;299,0;299,0;371,0;598,0;665,0;1188,0;2818,0;3918,0
811541;SACO PLASTICO TRANSPARENTE 30CM X 15CM;1451,0;1658,0;1743,0;2181,0;2894,0;6126,0;7700,0;9860,0;17310,0
811729;CAIXA MOTOR BASCULANTE AGL 18,9 X 14,1 X 23,4;47,0;47,0;47,0;47,0;237,0;240,0;598,0;898,0;1198,0
811742;CAIXA MASTER 11 - CAIXA PARA CANCELA COM LOGO AGL;14,0;14,0;14,0;18,0;22,0;22,0;32,0;32,0;32,0
811746;CAIXA MOTOR KRIPT 24,0 X 19,5 X 24,5;0,0;0,0;0,0;30,0;30,0;30,0;30,0;30,0;30,0
811753;CAIXA MASTER 11 - CAIXA PARA CANCELA SEM LOGO;0,0;31,0;31,0;61,0;63,0;63,0;100,0;130,0;130,0
811761;SACO PLASTICO TRANSPARENTE 14CM X 40CM;15,0;73,0;73,0;106,0;113,0;116,0;241,0;556,0;856,0
811771;CAIXA DO MOTOR INDUSTRIAL (STRANG 2000);1,0;1,0;1,0;1,0;1,0;1,0;1,0;1,0;1,0
811775;CAIXA MOTOR BASCULANTE NOVA 23,0 X 16,0 X 24,5;175,0;192,0;192,0;207,0;235,0;244,0;244,0;244,0;244,0
811802;CAIXA MASTER 12 - CX DA CENTRAL PIVÔ;439,0;213,0;218,0;307,0;329,0;579,0;579,0;1079,0;1329,0
811824;MANUAL LINHA STRONG 2000 SEM LOGO EM PORTUGUÊS (CENTRAL CCMD INDUSTRIAL);1,0;1,0;1,0;1,0;1,0;1,0;1,0;1,0;1,0
811851;CAIXA MOTOR BV CADENA 25,6X21,6X32,5;0,0;0,0;0,0;0,0;0,0;2,0;2,0;2,0;2,0
811897;MANUAL PORTA SLIP;0,0;0,0;0,0;0,0;0,0;12,0;24,0;40,0;40,0
811913;CAIXA MOTOR TRINO LOG (CREMALHEIRA EMBARCADA);187,0;187,0;267,0;340,0;340,0;1540,0;1540,0;1540,0;1540,0
811914;DIVISÓRIA DE PAPELÃO DA CAIXA TRINO LOG;187,0;187,0;267,0;340,0;340,0;1540,0;1540,0;1540,0;1540,0
811915;CAIXA MOTOR PIVO DUPLO S/ ACIONAMENTO;312,0;86,0;91,0;169,0;181,0;431,0;431,0;931,0;1181,0
811916;CAIXA MOTOR PIVO SIMPLES S/ ACIONAMENTO;127,0;127,0;127,0;138,0;148,0;148,0;148,0;148,0;148,0
811919;CAIXA EMBALAGEM VINCADA PARA PORTA SOCIAL DZ SLIP COM ACABAMENTO DAS PONTAS;0,0;0,0;0,0;0,0;0,0;24,0;48,0;80,0;80,0
811920;CAIXA EMBALAGEM VINCADA PARA PORTA SOCIAL DZ SLIP SEM ACABAMENTO;0,0;0,0;0,0;0,0;0,0;36,0;72,0;118,0;118,0
811921;CAIXA PARDA MOTOR DESLIZANTE AGL ( MEIA ABA REFORÇADA);795,0;1139,0;1139,0;1233,0;1785,0;3564,0;4939,0;6254,0;13154,0
813009;ALAVANCA PARA DESTRAVAMENTO MANUAL;982,0;1326,0;1406,0;1603,0;2155,0;5134,0;6509,0;7824,0;14724,0
813014;LINGUETA DO CILINDRO DA ALAVANCA DE DESTRAVAMENTO MANUAL DZ ZI;983,0;1327,0;1407,0;1604,0;2156,0;5135,0;6510,0;7825,0;14725,0
813017;FUSO P 7.5MM DE 1,5M E 5 ENTRADAS;0,0;0,0;0,0;0,0;0,0;0,0;110,0;410,0;710,0
813024;TAMPA PROTEÇÃO DO MOTOR - PRETA;918,0;1262,0;1342,0;1539,0;2066,0;4087,0;4962,0;5777,0;11177,0
813025;VENTOINHA DOS MOTORES;870,0;418,0;428,0;595,0;826,0;1334,0;1692,0;2992,0;3792,0
813033;TAMPA DE PROTEÇÃO DA VENTOINHA;798,0;346,0;356,0;523,0;747,0;1250,0;1608,0;2908,0;3708,0
813034;TAMPA LISA DO REDUTOR DA CARCAÇA DO BASCULANTE;94,0;94,0;94,0;94,0;474,0;480,0;1196,0;1796,0;2396,0
813036;TAMPA PROTEÇÃO DO MOTOR - CINZA;39,0;39,0;39,0;39,0;39,0;44,0;44,0;44,0;44,0
813037;ENGRENAGEM EXTERNA MOTOR 17 DENTES;191,0;191,0;191,0;210,0;247,0;261,0;261,0;261,0;261,0
813038;BASE CENTRAL DO BV;47,0;47,0;47,0;47,0;237,0;240,0;598,0;898,0;1198,0
813039;VENEZIANA DOS MOTORES;73,0;73,0;73,0;73,0;80,0;89,0;89,0;89,0;89,0
813040;MANCAL DE CENTRAGEM;0,0;0,0;0,0;2,0;4,0;4,0;4,0;4,0;4,0
813043;BUCHA DE CENTRAGEM DO SEM FIM DO BASCULANTE;798,0;346,0;356,0;523,0;747,0;1250,0;1608,0;2908,0;3708,0
813044;FUSO P 7.5MM DE 2,0M E 4 ENTRADAS BV;0,0;0,0;0,0;2,0;4,0;4,0;4,0;4,0;4,0
813047;PASSA FIO DO BV;798,0;346,0;356,0;523,0;747,0;1250,0;1608,0;2908,0;3708,0
813048;MANCAL PERFIL SUPERIOR BV;15,0;73,0;73,0;106,0;113,0;116,0;241,0;556,0;856,0
813050;FUSO P 7.5MM DE 1,5M E 4 ENTRADAS BV;0,0;58,0;58,0;83,0;85,0;88,0;96,0;96,0;96,0
813051;SUPORTE FIM DE CURSO BASCULANTE;2,0;2,0;2,0;172,0;312,0;312,0;362,0;362,0;362,0
813054;MANCAL PERFIL INFERIOR;766,0;372,0;382,0;577,0;619,0;1122,0;1240,0;2540,0;3340,0
813084;CREMALHEIRA PERFIL ALUMÍNIO GOMO DE ALUMÍNIO 1,5M;47,0;47,0;47,0;47,0;47,0;47,0;47,0;47,0;47,0
813094;ENGRENAGEM INTERNA DE 1 ENTRADA DZ E NEWBV;78,0;78,0;78,0;82,0;121,0;131,0;131,0;131,0;131,0
813094;ENGRENAGEM INTERNA DE 1 ENTRADA DZ E NEWBV COM IMÃ;42,0;44,0;44,0;44,0;44,0;44,0;44,0;44,0;44,0
813096;ENGRENAGEM EXTERNA 17D PARA EIXO ESTAMPADO TRINO LIGHT/300;791,0;1135,0;1215,0;1393,0;1908,0;4873,0;6248,0;7563,0;14463,0
813100;ENGRENAGEM INTERNA DE ZAMAC DO DESLIZANTE TRINO 700/900 1 ENTRADA 300/500/SOFT;32,0;32,0;32,0;32,0;37,0;41,0;41,0;41,0;41,0
813101;CREMALHEIRA PERFIL AÇO GOMO DE ALUMÍNIO 1,5M;6,0;6,0;6,0;6,0;6,0;6,0;6,0;6,0;6,0
813108;SEM FIM DE DUAS ENTRADAS AÇO BV ANTIGO/ BV3/ BV4;798,0;346,0;356,0;523,0;747,0;1250,0;1608,0;2908,0;3708,0
813128;GOMO ALUMINIO 25 CM P/ CREMALHEIRA MOTOR STRONG;0,0;0,0;0,0;8,0;176,0;176,0;176,0;176,0;176,0
813144;SUPORTE DO IMA DE FIM DE CURSO DESLIZANTE;1966,0;2654,0;2814,0;3208,0;4392,0;10350,0;13100,0;15730,0;29530,0
813146;GOMO 25CM P/ CREMALHEIRA ALUMÍNIO;36,0;36,0;36,0;7862,0;16974,0;17254,0;17534,0;17814,0;17814,0
813151;BASE INFERIOR NYLON MOTORES DESLIZANTES;26,0;26,0;26,0;26,0;31,0;35,0;35,0;35,0;35,0
813152;BASE DA CENTRAL DESLIZANTE INVERTER;39,0;39,0;39,0;39,0;39,0;46,0;46,0;46,0;46,0
813153;BASE DE ALUMÍNIO SUPERIOR MOTOR DZ INDUSTRIAL;1,0;1,0;1,0;1,0;1,0;1,0;1,0;1,0;1,0
813173;ARRUELA 1,2MM EIXO DESLIZANTE;1741,0;2429,0;2589,0;2964,0;4031,0;9971,0;12721,0;15351,0;29151,0
813179;TAMPA DA CENTRAL DO BV;47,0;47,0;47,0;47,0;237,0;240,0;598,0;898,0;1198,0
813181;FUSO P 7.5MM DE 0,50M E 2 ENTRADAS;0,0;0,0;0,0;0,0;2,0;2,0;2,0;2,0;2,0
813182;FUSO P 7.5MM DE 0,75M E 2 ENTRADAS PIVO;0,0;0,0;0,0;0,0;0,0;50,0;50,0;1050,0;1550,0
813186;FUSO P 7.5MM DE 2,0M E 5 ENTRADAS;5,0;5,0;5,0;5,0;7,0;7,0;7,0;7,0;7,0
813196;FUSO P 7.5MM DE 6,0M E 6 ENTRADAS;0,0;0,0;0,0;1,0;1,0;1,0;1,0;1,0;1,0
813199;BASE DE ALUMÍNIO MOTORES DESLIZANTES;45,0;45,0;45,0;45,0;67,0;75,0;75,0;75,0;75,0
813216;FUSO P 7.5MM DE 1,75M E 5 ENTRADAS;10,0;10,0;10,0;10,0;10,0;10,0;10,0;10,0;10,0
813234;CHAVETA 8MMX33,4MM;32,0;32,0;32,0;32,0;32,0;38,0;38,0;38,0;38,0
813235;BUCHA DO EIXO DESLIZANTE SEXTAVADA;1964,0;2652,0;2812,0;3206,0;4310,0;10268,0;13018,0;15648,0;29448,0
813237;PINO DESTRAVAMENTO TRINO;982,0;1326,0;1406,0;1603,0;2155,0;5134,0;6509,0;7824,0;14724,0
813241;BASE DE ALUMÍNIO INFERIOR MOTOR DZ INDUSTRIAL;1,0;1,0;1,0;1,0;1,0;1,0;1,0;1,0;1,0
813243;ENGRENAGEM EXTERNA MOTOR INDUSTRIAL;1,0;1,0;1,0;1,0;1,0;1,0;1,0;1,0;1,0
813245;ALAVANCA DESTRAVAMENTO DZ INDUSTRIAL;1,0;1,0;1,0;1,0;1,0;1,0;1,0;1,0;1,0
813247;ENGRENAGEM 2 ENTRADAS NEW BV COM IMÃ;2,0;2,0;2,0;2,0;2,0;2,0;2,0;2,0;2,0
813248;TAMPA PROTEÇÃO DO MOTOR - GRAFITE;25,0;25,0;25,0;25,0;50,0;1013,0;1513,0;2013,0;3513,0
813249;CILINDRO MOTOR DESLIZANTE NYLON;791,0;1135,0;1215,0;1393,0;1923,0;4891,0;6266,0;7581,0;14481,0
813250;CHAVE CILINDRO MOTOR DESLIZANTE NYLON (MODELO NOVO);1582,0;2270,0;2430,0;2786,0;3852,0;9788,0;12538,0;15168,0;28968,0
813251;SEM FIM DE UMA ENTRADA ALUMÍNIO TR LIGTH/ TR300/ TR500;911,0;1255,0;1335,0;1532,0;2077,0;5047,0;6422,0;7737,0;14637,0
813253;SEM FIM DE 1 ENTRADA AÇO;177,0;184,0;184,0;194,0;223,0;239,0;239,0;239,0;239,0
813254;PINO DA GUIA DE CENTRAGEM;0,0;0,0;0,0;4,0;8,0;8,0;8,0;8,0;8,0
813255;SEM FIM DE DUAS ENTRADAS AÇO DZ/ NEW BV;69,0;79,0;79,0;84,0;90,0;94,0;94,0;94,0;94,0
813256;TAMPA DA CENTRAL NEW BV;175,0;192,0;192,0;217,0;245,0;254,0;254,0;254,0;254,0
813257;BASE CENTRAL NEW BV;175,0;192,0;192,0;217,0;245,0;254,0;254,0;254,0;254,0
813258;CARCAÇA INFERIOR NEW BV SEM FURO ENCODER;134,0;151,0;151,0;162,0;173,0;182,0;182,0;182,0;182,0
813259;CARCAÇA INFERIOR NEW BV COM FURO ENCODER;41,0;41,0;41,0;45,0;62,0;64,0;64,0;64,0;64,0
813260;CALÇO DO ESTATOR NEW BV;192,0;222,0;222,0;252,0;308,0;330,0;330,0;330,0;330,0
813262;ACOPLAMENTO DO NEW BV/BV/PIVO;18,0;76,0;76,0;104,0;112,0;165,0;283,0;1583,0;2383,0
813263;ROLAMENTO PLÁSTICO EIXO ENGRENAGEM;184,0;204,0;204,0;230,0;286,0;304,0;304,0;304,0;304,0
813265;CARCAÇA SUPERIOR NEW BV;175,0;192,0;192,0;207,0;235,0;246,0;246,0;246,0;246,0
813266;TAMPA ENCODER;39,0;39,0;39,0;43,0;60,0;62,0;62,0;62,0;62,0
813267;SUPORTE ENCODER;39,0;39,0;39,0;43,0;60,0;62,0;62,0;62,0;62,0
813269;PORCA DO FUSO NEW BV P.60 Ø 5/8;0,0;0,0;0,0;5,0;5,0;5,0;5,0;5,0;5,0
813270;CARCAÇA DE MOTOR BV/PIVO SUPERIOR;798,0;346,0;356,0;523,0;747,0;1250,0;1608,0;2908,0;3708,0
813271;CARCAÇA DE MOTOR BV/PIVO INFERIOR;798,0;346,0;356,0;523,0;747,0;1250,0;1608,0;2908,0;3708,0
813274;TAMPÃO P/ EIXO MOTOR DZ E GABINETE CANCELA;28,0;90,0;90,0;158,0;170,0;172,0;266,0;326,0;326,0
813277;ROLAMENTO PLÁSTICO DO FUSO BV;15,0;73,0;73,0;106,0;113,0;116,0;241,0;556,0;856,0
813280;CRUZETA DO MANCAL;766,0;372,0;382,0;577,0;619,0;1122,0;1240,0;2540,0;3340,0
813281;SUPORTE ORELHA DO BV/PIVÔ;766,0;372,0;382,0;577,0;617,0;1120,0;1238,0;2538,0;3338,0
813289;ENGRENAGEM INTERNA DE 1 ENTRADA DZ E NEWBV SEM IMÃ;956,0;1305,0;1385,0;1588,0;2123,0;5095,0;6470,0;7785,0;14685,0
813290;BRACINHO ARTICULADO DZ HORIZONTAL;0,0;0,0;0,0;1,0;1,0;1,0;1,0;1,0;1,0
813292;BRACINHO ARTICULADO BV E NEW BV;15,0;73,0;73,0;105,0;112,0;115,0;240,0;555,0;855,0
813293;MIOLO DO CILINDRO NYLON MOTOR DESLIZANTE;791,0;1135,0;1215,0;1393,0;1923,0;4891,0;6266,0;7581,0;14481,0
813294;PORCA DO CILINDRO NYLON MOTOR DESLIZANTE;791,0;1135,0;1215,0;1393,0;1923,0;4891,0;6266,0;7581,0;14481,0
813295;ENGRENAGEM 2 ENTRADAS NEW BV SEM IMÃ;67,0;77,0;77,0;82,0;88,0;92,0;92,0;92,0;92,0
813304;FUSO P.60 Ø 5/8'' DE 1,5M;0,0;0,0;0,0;5,0;5,0;5,0;5,0;5,0;5,0
813306;SUPORTE ORELHA DO NEW BV;0,0;0,0;0,0;5,0;6,0;6,0;13,0;28,0;28,0
813309;PINO DESTRAVAMENTO PIVO;751,0;299,0;309,0;476,0;510,0;1010,0;1010,0;2010,0;2510,0
813310;CILINDRO CHAVE PIVO;751,0;299,0;309,0;476,0;510,0;1010,0;1010,0;2010,0;2510,0
813311;CHAVE PIVO;751,0;299,0;309,0;476,0;510,0;1010,0;1010,0;2010,0;2510,0
813315;PORCA DO FUSO 2 ENTRADAS PIVO (MACHO);0,0;0,0;0,0;0,0;2,0;52,0;52,0;1052,0;1552,0
813316;PORCA DO FUSO 2 ENTRADAS PIVO (FÊMEA);0,0;0,0;0,0;0,0;2,0;52,0;52,0;1052,0;1552,0
813317;MANCAL SUPERIOR DO PIVO;0,0;0,0;0,0;0,0;2,0;52,0;52,0;1052,0;1552,0
813318;ARRUELA EM T;0,0;0,0;0,0;0,0;2,0;52,0;52,0;1052,0;1552,0
813319;TRAVA MAIOR SUPORTE FX PIVO - ZINCADO;751,0;299,0;309,0;476,0;510,0;1010,0;1010,0;2010,0;2510,0
813320;TRAVA MENOR SUPORTE FX PIVO - ZINCADO;751,0;299,0;309,0;476,0;510,0;1010,0;1010,0;2010,0;2510,0
813321;PINO TRAVA PIVO - ZINCADO;1502,0;598,0;618,0;952,0;1020,0;2020,0;2020,0;4020,0;5020,0
813328;CHAVETA DO MOTOR INDUSTRIAL;1,0;1,0;1,0;1,0;1,0;1,0;1,0;1,0;1,0
813331;SUPORTE DE INSTALAÇÃO DO IMÃ DZ;1966,0;2654,0;2814,0;3208,0;4392,0;10350,0;13100,0;15730,0;29530,0
813335;EIXO AGL P17;0,0;0,0;0,0;0,0;0,0;0,0;1,0;1,0;1,0
813366;FUSO P.60 Ø 1/2'' DE 2,0M;0,0;0,0;0,0;0,0;0,0;0,0;7,0;22,0;22,0
813369;FUSO P.60 Ø 1/2'' DE 3,5M;0,0;0,0;0,0;0,0;1,0;1,0;1,0;1,0;1,0
813372;SEM FIM DO STRONG 2000;1,0;1,0;1,0;1,0;1,0;1,0;1,0;1,0;1,0
813375;CANTONEIRA CREMALHEIRA MOTOR INDUSTRIAL;0,0;0,0;0,0;2,0;44,0;44,0;44,0;44,0;44,0
813395;PASSA FIO DO NEW BV;96,0;111,0;111,0;126,0;154,0;165,0;165,0;165,0;165,0
813396;PERFIL AL 0,75M SOL 7 STLF-0864 6063;0,0;0,0;0,0;0,0;0,0;50,0;50,0;1050,0;1550,0
813399;PERFIL AL 1,5M SOL 7 STLF-0864 6063;0,0;58,0;58,0;88,0;90,0;93,0;211,0;511,0;811,0
813400;PERFIL AL 2,0M SOL 7 STLF-0864 6063;5,0;5,0;5,0;7,0;11,0;11,0;18,0;33,0;33,0
813409;TAMPÃO DO ENGRENAGEM EXTERNA MOTORES DZ;982,0;1326,0;1406,0;1603,0;2155,0;5134,0;6509,0;7824,0;14724,0
813410;BUCHA DE CENTRAGEM DO EIXO DO ROTOR DZ;982,0;1326,0;1406,0;1603,0;2160,0;5139,0;6514,0;7829,0;14729,0
813412;DISCO DE FRICÇÃO DE CELEROM Ø20MM;820,0;378,0;388,0;560,0;600,0;1104,0;1104,0;2104,0;2604,0
813440;BRAÇO ESTICADOR DA MOLA DA CANCELA;14,0;45,0;45,0;79,0;85,0;85,0;132,0;162,0;162,0
813455;SENSOR DE FIM DE CURSO REED DESLIZANTE;982,0;1326,0;1406,0;1603,0;2155,0;5134,0;6509,0;7824,0;14724,0
813458;TUBO DE INOX CORTADO PARA PIVO 0,50M;0,0;0,0;0,0;0,0;2,0;2,0;2,0;2,0;2,0
813459;TUBO DE INOX CORTADO PARA PIVO 0,75M;0,0;0,0;0,0;0,0;0,0;50,0;50,0;1050,0;1550,0
813477;EIXO DE TRAÇÃO DA PORCA ACIONADORA - ZINCADO;15,0;73,0;73,0;100,0;107,0;110,0;235,0;550,0;850,0
813485;BASE DE SUPORTE DO MOTORREDUTOR BV CADENA - CINZA;0,0;0,0;0,0;0,0;0,0;2,0;2,0;2,0;2,0
813486;CARCAÇA TRASEIRA BV CADENA - CINZA;0,0;0,0;0,0;0,0;0,0;2,0;2,0;2,0;2,0
813487;TAMPA INFERIOR BV CADENA - CINZA;0,0;0,0;0,0;0,0;0,0;2,0;2,0;2,0;2,0
813488;TAMPA SUPERIOR BV CADENA - CINZA;0,0;0,0;0,0;0,0;0,0;2,0;2,0;2,0;2,0
813489;CARCAÇA FRONTAL BV CADENA - CINZA;0,0;0,0;0,0;0,0;0,0;2,0;2,0;2,0;2,0
813490;SUPORTE DO MICRO SWICH BV CADENA - ZINCADO;0,0;0,0;0,0;0,0;0,0;4,0;4,0;4,0;4,0
813491;MANCAL DE ENCAIXE DO ACIONAMENTO BV CADENA - CINZA;0,0;0,0;0,0;0,0;0,0;2,0;2,0;2,0;2,0
813492;CHAPA ESTABILIZADORA TRASEIRA BV CADENA - ZINCADA;0,0;0,0;0,0;0,0;0,0;2,0;2,0;2,0;2,0
813506;ENGRENAGEM INTERNA 1 ENTRADA PARA MOTOR INDUSTRIAL DE NYLON;1,0;1,0;1,0;1,0;1,0;1,0;1,0;1,0;1,0
813507;CASE DE PROTEÇÃO DO MÓDULO WIFI IZZY;31,0;31,0;31,0;35,0;77,0;1040,0;1540,0;2040,0;3540,0
813508;SUPORTE DO ENCODER INDUSTRIAL/DZ 300 SEM TAMPA;26,0;26,0;26,0;26,0;36,0;996,0;1496,0;1996,0;3496,0
813509;TAMPA DO ENCODER INDUSTRIAL/DZ 300;26,0;26,0;26,0;26,0;36,0;996,0;1496,0;1996,0;3496,0
813511;PINO DESTRAVAMENTO LINHA BV/ PORTA CADEADO HZ/ ESTICAD. CANCELA;29,0;118,0;118,0;185,0;198,0;201,0;373,0;718,0;1018,0
813512;MANCAL DE JUNÇÃO DO SUPORTE DA BARREIRA (MACHO);14,0;45,0;45,0;79,0;90,0;90,0;137,0;167,0;167,0
813513;MANCAL DE JUNÇÃO DO SUPORTE DA BARREIRA (FÊMEA);14,0;45,0;45,0;79,0;90,0;90,0;137,0;167,0;167,0
813515;CALÇO DO ESTATOR P28 BV/PIVO;64,0;64,0;64,0;64,0;474,0;480,0;1096,0;1696,0;2296,0
813517;SUPORTE UNIVERSAL PORCA DO FUSO;15,0;73,0;73,0;101,0;108,0;111,0;236,0;551,0;851,0
813521;SUPORTE DA BUCHA MANCAL MODELO NOVO (P/ EIXO 20MM);766,0;372,0;382,0;577,0;617,0;1120,0;1238,0;2538,0;3338,0
813522;CHAVETA QUADRADA 8MMX33,4MM;1140,0;1559,0;1639,0;1878,0;2464,0;5451,0;6944,0;8559,0;15759,0
813524;COPO DE FREIO PIVOTANTE/ NEW BV SPEED;820,0;378,0;388,0;560,0;600,0;1104,0;1104,0;2104,0;2604,0
813525;EIXO ESTAMPADO PARA MOTOR TRINO LIGHT/300 - ZINCADO;791,0;1135,0;1215,0;1393,0;1908,0;4873,0;6248,0;7563,0;14463,0
813527;COPO DO PINO ELÁSTICO DO EIXO ESTAMPADO;1557,0;2245,0;2405,0;2761,0;3781,0;8751,0;11001,0;13131,0;25431,0
813528;DISCO DO ENCODER DZ (LADO MACHO);25,0;25,0;25,0;25,0;35,0;995,0;1495,0;1995,0;3495,0
813529;DISCO DO ENCODER DZ (LADO FÊMEA);25,0;25,0;25,0;25,0;35,0;995,0;1495,0;1995,0;3495,0
813532;CARTUCHO DA PORCA 4 ENTRADAS;0,0;58,0;58,0;85,0;89,0;92,0;100,0;100,0;100,0
813540;CARTUCHO DA PORCA DE 6 ENTRADAS P.60 1/2;0,0;0,0;0,0;0,0;1,0;1,0;8,0;23,0;23,0
813557;PERFIL AL 0,50M SOL 7 STLF-0864 6063;0,0;0,0;0,0;0,0;2,0;2,0;2,0;2,0;2,0
813560;PERFIL AL 3,5M SOL 7 STLF-0864 6063;0,0;0,0;0,0;0,0;1,0;1,0;1,0;1,0;1,0
813563;PERFIL AL 1,75M SOL 7 STLF-0864 6063;10,0;10,0;10,0;10,0;10,0;10,0;10,0;10,0;10,0
813568;PERFIL AL 4,0M STL 1851 CANCELAS;0,0;0,0;0,0;4,0;7,0;7,0;21,0;27,0;27,0
813570;PERFIL AL 5,0M STL 1851 CANCELAS;0,0;0,0;0,0;0,0;2,0;2,0;2,0;2,0;2,0
813572;PERFIL AL 6,0M STL 1851 CANCELAS;0,0;0,0;0,0;22,0;22,0;22,0;26,0;32,0;32,0
813589;SENSOR DE FIM DE CURSO REED BV/NEW BV 2,0M;5,0;5,0;5,0;7,0;11,0;11,0;18,0;33,0;33,0
813592;SENSOR DE FIM DE CURSO REED BV/NEW BV 3,5M;0,0;0,0;0,0;0,0;1,0;1,0;1,0;1,0;1,0
813597;SENSOR DE FIM DE CURSO REED BV/NEW BV 6,0M;0,0;0,0;0,0;1,0;1,0;1,0;1,0;1,0;1,0
813598;SENSOR DE FIM DE CURSO REED BV/NEW BV/PIVO 0,50M;0,0;0,0;0,0;0,0;2,0;2,0;2,0;2,0;2,0
813599;SENSOR DE FIM DE CURSO REED BV/NEW BV/PIVO 0,75M;0,0;0,0;0,0;0,0;0,0;50,0;50,0;1050,0;1550,0
813601;SENSOR DE FIM DE CURSO REED BV/NEW BV/PIVO 1,5M;10,0;68,0;68,0;98,0;100,0;103,0;221,0;521,0;821,0
813610;CARTUCHO DA PORCA DE 6 ENTRADAS;0,0;0,0;0,0;1,0;1,0;1,0;1,0;1,0;1,0
813613;PERFIL AL 6,0M SOL 7 STLF-0846 6063 T5;0,0;0,0;0,0;1,0;1,0;1,0;1,0;1,0;1,0
813614;PERFIL AL 3,0M STL 1851 CANCELAS;0,0;36,0;36,0;86,0;86,0;86,0;100,0;106,0;106,0
813616;PERFIL AL 3,5M STL 1851 CANCELAS;0,0;0,0;0,0;0,0;1,0;1,0;1,0;1,0;1,0
813618;EIXO ESTAMPADO PARA ACIONAMENTO BV - ZINCADO;15,0;73,0;73,0;101,0;107,0;110,0;228,0;528,0;828,0
813619;EIXO ESTAMPADO PARA MOTOR PIVO - ZINCADO;751,0;299,0;309,0;476,0;512,0;1012,0;1012,0;2012,0;2512,0
813623;FIM DE CURSO MECANICO DE ALUMÍNIO;30,0;146,0;146,0;212,0;230,0;336,0;586,0;3216,0;4816,0
813628;GOMO 100CM P/ CREMALHEIRA PLASTICO (4X25CM) - PRETO;0,0;0,0;0,0;775,0;775,0;775,0;775,0;775,0;775,0
813629;GOMO 150CM P/ CREMALHEIRA PLASTICO (6X25CM) - PRETO;72,0;747,0;747,0;917,0;997,0;1487,0;1707,0;2347,0;2347,0
816565;CREMALHEIRA PERFIL AÇO GOMO DE PLÁSTICO 0,25M;2244,0;2244,0;3204,0;4080,0;4080,0;18480,0;18480,0;18480,0;18480,0
911079;PLACA REVISADA DO MODULO WIFI/BLUETOOTH CENTRAL IZZY;34,0;34,0;34,0;38,0;80,0;1043,0;1543,0;2043,0;3543,0
911080;PLACA REVISADA CENTRAL FLEX;418,0;477,0;477,0;558,0;784,0;814,0;1172,0;1472,0;1772,0
911083;PLACA REVISADA CENTRAL CCMD INDUSTRIAL;1,0;1,0;1,0;1,0;1,0;1,0;1,0;1,0;1,0
911117;PLACA REVISADA FX BRABUS;0,0;0,0;0,0;0,0;7,0;7,0;7,0;7,0;7,0
911124;PLACA REVISADA NOVA CENTRAL INVERSORA;76,0;76,0;76,0;76,0;76,0;81,0;81,0;81,0;81,0
911127;PLACA REVISADA NOVA CENTRAL IZZY;29,0;29,0;29,0;33,0;75,0;1038,0;1538,0;2038,0;3538,0
911130;PLACA REVISADA NOVA CENTRAL BASIC G/LIGHT;766,0;1066,0;1146,0;1284,0;1789,0;3784,0;4659,0;5474,0;10874,0
911156;PLACA REVISADA NOVA CENTRAL DUPLA;312,0;86,0;91,0;169,0;181,0;431,0;431,0;931,0;1181,0
916117;FITA LED 5050 RGB 60 LED S/M IP65 12 V 5M;0,0;43,2;43,2;162,4;168,6;168,6;217,4;248,6;248,6
916126;AUTOMATIZADOR PARA CANCELA - BRUSHLESS DC MOTOR - MODELO: 18B-1.2S;10,0;41,0;41,0;41,0;41,0;41,0;61,0;61,0;61,0
916127;AUTOMATIZADOR PARA CANCELA - BRUSHLESS DC MOTOR - MODELO: 18B-2.5S;4,0;4,0;4,0;38,0;44,0;44,0;71,0;101,0;101,0
916168;PFL PC LENTE P/LED C.6000MM LEITOSO;0,0;0,0;0,0;0,0;3,33;3,33;3,33;3,33;3,33
916325;CANALETA FLEXÍVEL PARA LED DA BARREIRA;0,0;108,0;108,0;406,0;421,5;421,5;543,5;621,5;621,5
998926;SISTEMA AUTOMATIZADO PARA PORTAS DESLIZANTES MARCA MANNERS;0,0;0,0;0,0;0,0;8,0;24,0;40,0;56,0;56,0
