id,id_inspecao,op,codigo,descricao,quantidade_programada,inspecao_completa,quantidade_nc,codigo_nc,observacao,codigo_item,descricao_item,destino,sem_fim,central,inspecoes,tensao
1,14,97380,2001031,CONJ. MOVIMENTADOR TRINO 300 220V 50-60HZ SEM CREMALHEIRA,100,True,5,A,,2001031,Estator,,,,0,
2,15,97380,2001031,CONJ. MOVIMENTADOR TRINO 300 220V 50-60HZ SEM CREMALHEIRA,100,True,0,,Manual trocado,2001031,Estator,,,,0,
3,16,97380,2001031,CONJ. MOVIMENTADOR TRINO 300 220V 50-60HZ SEM CREMALHEIRA,100,True,0,,,2001031,Estator,,,,0,
4,17,1,97380,2001031,CONJ. MOVIMENTADOR TRINO 300 220V 50-60HZ SEM CREMALHEIRA,100,True,0,,,2001031,Estator,estator,,,,0,
5,17,2,97380,2001031,CONJ. MOVIMENTADOR TRINO 300 220V 50-60HZ SEM CREMALHEIRA,100,True,0,,,2001031,Sem fim,sem_fim,,,,0,
6,17,3,97380,2001031,CONJ. MOVIMENTADOR TRINO 300 220V 50-60HZ SEM CREMALHEIRA,100,True,0,,,2001031,Engrenagem,engrenagem,,,,0,
7,17,4,97380,2001031,CONJ. MOVIMENTADOR TRINO 300 220V 50-60HZ SEM CREMALHEIRA,100,True,0,,,2001031,Capacitor,capacitor,,,,0,
8,17,5,97380,2001031,CONJ. MOVIMENTADOR TRINO 300 220V 50-60HZ SEM CREMALHEIRA,100,True,0,,,2001031,Placa,placa,,,,0,
9,17,6,97380,2001031,CONJ. MOVIMENTADOR TRINO 300 220V 50-60HZ SEM CREMALHEIRA,100,True,0,,,2001031,Jumper,jumper,,,,0,
10,17,7,97380,2001031,CONJ. MOVIMENTADOR TRINO 300 220V 50-60HZ SEM CREMALHEIRA,100,True,0,,,2001031,Base,base,,,,0,
11,17,8,97380,2001031,CONJ. MOVIMENTADOR TRINO 300 220V 50-60HZ SEM CREMALHEIRA,100,True,0,,,2001031,Tampa,tampa,,,,0,
12,17,9,97380,2001031,CONJ. MOVIMENTADOR TRINO 300 220V 50-60HZ SEM CREMALHEIRA,100,True,0,,,2001031,Manual,manual,,,,0,
13,17,10,97380,2001031,CONJ. MOVIMENTADOR TRINO 300 220V 50-60HZ SEM CREMALHEIRA,100,True,0,,,2001031,Cilindro e chave,cilindro_e_chave,,,,0,
14,17,11,97380,2001031,CONJ. MOVIMENTADOR TRINO 300 220V 50-60HZ SEM CREMALHEIRA,100,True,0,,,2001031,Etiqueta Tampa,etiqueta_tampa,,,,0,
1,18,1,97238,2008028,CONJ. MOVIMENTADOR TRINO NEW BV3 127V SEM ACIONAMENTO,13,True,0,,,2008028,CONJ. MOVIMENTADOR TRINO NEW BV3 127V SEM ACIONAMENTO,item_principal,,,,0,
1,19,1,97380,2001031,CONJ. MOVIMENTADOR TRINO 300 220V 50-60HZ SEM CREMALHEIRA,100,True,0,,,2001031,Estator,estator,,,,0,
2,19,2,97380,2001031,CONJ. MOVIMENTADOR TRINO 300 220V 50-60HZ SEM CREMALHEIRA,100,True,0,,,2001031,Sem fim,sem_fim,,,,0,
3,19,3,97380,2001031,CONJ. MOVIMENTADOR TRINO 300 220V 50-60HZ SEM CREMALHEIRA,100,True,0,,,2001031,Engrenagem,engrenagem,,,,0,
4,19,4,97380,2001031,CONJ. MOVIMENTADOR TRINO 300 220V 50-60HZ SEM CREMALHEIRA,100,True,0,,,2001031,Capacitor,capacitor,,,,0,
5,19,5,97380,2001031,CONJ. MOVIMENTADOR TRINO 300 220V 50-60HZ SEM CREMALHEIRA,100,True,0,,,2001031,Placa,placa,,,,0,
6,19,6,97380,2001031,CONJ. MOVIMENTADOR TRINO 300 220V 50-60HZ SEM CREMALHEIRA,100,True,0,,,2001031,Jumper,jumper,,,,0,
7,19,7,97380,2001031,CONJ. MOVIMENTADOR TRINO 300 220V 50-60HZ SEM CREMALHEIRA,100,True,0,,,2001031,Base,base,,,,0,
8,19,8,97380,2001031,CONJ. MOVIMENTADOR TRINO 300 220V 50-60HZ SEM CREMALHEIRA,100,True,0,,,2001031,Tampa,tampa,,,,0,
9,19,9,97380,2001031,CONJ. MOVIMENTADOR TRINO 300 220V 50-60HZ SEM CREMALHEIRA,100,True,0,,,2001031,Manual,manual,,,,0,
10,19,10,97380,2001031,CONJ. MOVIMENTADOR TRINO 300 220V 50-60HZ SEM CREMALHEIRA,100,True,0,,,2001031,Cilindro e chave,cilindro_e_chave,,,,0,
11,19,11,97380,2001031,CONJ. MOVIMENTADOR TRINO 300 220V 50-60HZ SEM CREMALHEIRA,100,True,0,,,2001031,Etiqueta Tampa,etiqueta_tampa,,,,0,
1,1,96663,2001161,CONJ. MOVIMENTADOR TRINO 300 220V LIGHT 50-60HZ SEM CREMALHEIRA,200,True,0,,,2001161,CONJ. MOVIMENTADOR TRINO 300 220V LIGHT 50-60HZ SEM CREMALHEIRA,,,,0,
1,1,96663,2001161,CONJ. MOVIMENTADOR TRINO 300 220V LIGHT 50-60HZ SEM CREMALHEIRA,200,True,0,,,2001161,CONJ. MOVIMENTADOR TRINO 300 220V LIGHT 50-60HZ SEM CREMALHEIRA,,,,0,
1,1,96663,2001161,CONJ. MOVIMENTADOR TRINO 300 220V LIGHT 50-60HZ SEM CREMALHEIRA,200,True,0,,,2001161,CONJ. MOVIMENTADOR TRINO 300 220V LIGHT 50-60HZ SEM CREMALHEIRA,,,,0,
1,1,96663,2001161,CONJ. MOVIMENTADOR TRINO 300 220V LIGHT 50-60HZ SEM CREMALHEIRA,200,True,0,,,2001161,CONJ. MOVIMENTADOR TRINO 300 220V LIGHT 50-60HZ SEM CREMALHEIRA,,,,0,
1,1,96663,2001161,CONJ. MOVIMENTADOR TRINO 300 220V LIGHT 50-60HZ SEM CREMALHEIRA,200,True,0,,,2001161,CONJ. MOVIMENTADOR TRINO 300 220V LIGHT 50-60HZ SEM CREMALHEIRA,,,,0,
1,1,96663,2001161,CONJ. MOVIMENTADOR TRINO 300 220V LIGHT 50-60HZ SEM CREMALHEIRA,200,True,0,,,2001161,CONJ. MOVIMENTADOR TRINO 300 220V LIGHT 50-60HZ SEM CREMALHEIRA,,,,0,
1,1,96663,2001161,CONJ. MOVIMENTADOR TRINO 300 220V LIGHT 50-60HZ SEM CREMALHEIRA,200,True,0,,,2001161,CONJ. MOVIMENTADOR TRINO 300 220V LIGHT 50-60HZ SEM CREMALHEIRA,,,,0,
1,20,96663,2001161,CONJ. MOVIMENTADOR TRINO 300 220V LIGHT 50-60HZ SEM CREMALHEIRA,200,True,0,,,2001161,CONJ. MOVIMENTADOR TRINO 300 220V LIGHT 50-60HZ SEM CREMALHEIRA,,,,0,
1,21,96663,2001161,CONJ. MOVIMENTADOR TRINO 300 220V LIGHT 50-60HZ SEM CREMALHEIRA,200,True,0,,,2001161,CONJ. MOVIMENTADOR TRINO 300 220V LIGHT 50-60HZ SEM CREMALHEIRA,,,,0,
1,22,96663,2001161,CONJ. MOVIMENTADOR TRINO 300 220V LIGHT 50-60HZ SEM CREMALHEIRA,200,True,0,,,2001161,CONJ. MOVIMENTADOR TRINO 300 220V LIGHT 50-60HZ SEM CREMALHEIRA,,,,0,
1,23,96663,2001161,CONJ. MOVIMENTADOR TRINO 300 220V LIGHT 50-60HZ SEM CREMALHEIRA,200,True,0,,,2001161,CONJ. MOVIMENTADOR TRINO 300 220V LIGHT 50-60HZ SEM CREMALHEIRA,,,,0,
1,24,96663,2001161,CONJ. MOVIMENTADOR TRINO 300 220V LIGHT 50-60HZ SEM CREMALHEIRA,200,True,0,,,2001161,CONJ. MOVIMENTADOR TRINO 300 220V LIGHT 50-60HZ SEM CREMALHEIRA,,,,0,
1,25,96663,2001161,CONJ. MOVIMENTADOR TRINO 300 220V LIGHT 50-60HZ SEM CREMALHEIRA,200,True,0,,,2001161,CONJ. MOVIMENTADOR TRINO 300 220V LIGHT 50-60HZ SEM CREMALHEIRA,,,,0,
1,26,96663,2001161,CONJ. MOVIMENTADOR TRINO 300 220V LIGHT 50-60HZ SEM CREMALHEIRA,200,True,0,,,2001161,CONJ. MOVIMENTADOR TRINO 300 220V LIGHT 50-60HZ SEM CREMALHEIRA,,,,0,
1,27,96663,2001161,CONJ. MOVIMENTADOR TRINO 300 220V LIGHT 50-60HZ SEM CREMALHEIRA,200,True,0,,,2001161,CONJ. MOVIMENTADOR TRINO 300 220V LIGHT 50-60HZ SEM CREMALHEIRA,,,,0,
1,28,96663,2001161,CONJ. MOVIMENTADOR TRINO 300 220V LIGHT 50-60HZ SEM CREMALHEIRA,200,True,0,,,2001161,CONJ. MOVIMENTADOR TRINO 300 220V LIGHT 50-60HZ SEM CREMALHEIRA,,,,0,
1,29,96663,2001161,CONJ. MOVIMENTADOR TRINO 300 220V LIGHT 50-60HZ SEM CREMALHEIRA,200,True,0,,,2001161,CONJ. MOVIMENTADOR TRINO 300 220V LIGHT 50-60HZ SEM CREMALHEIRA,,,,0,
1,30,96663,2001161,CONJ. MOVIMENTADOR TRINO 300 220V LIGHT 50-60HZ SEM CREMALHEIRA,200,True,0,,,2001161,CONJ. MOVIMENTADOR TRINO 300 220V LIGHT 50-60HZ SEM CREMALHEIRA,,,,0,
1,31,96663,2001161,CONJ. MOVIMENTADOR TRINO 300 220V LIGHT 50-60HZ SEM CREMALHEIRA,200,True,0,,,2001161,CONJ. MOVIMENTADOR TRINO 300 220V LIGHT 50-60HZ SEM CREMALHEIRA,,,,0,
4,32,1,96663,2001161,CONJ. MOVIMENTADOR TRINO 300 220V LIGHT 50-60HZ SEM CREMALHEIRA,200,True,3,F,Item com fio ruim,2001161,Estator,estator,,,,0,
4,33,96663,2001161,CONJ. MOVIMENTADOR TRINO 300 220V LIGHT 50-60HZ SEM CREMALHEIRA,200,True,0,,,2001161,CONJ. MOVIMENTADOR TRINO 300 220V LIGHT 50-60HZ SEM CREMALHEIRA,,,,0,
5,34,96663,2001161,CONJ. MOVIMENTADOR TRINO 300 220V LIGHT 50-60HZ SEM CREMALHEIRA,200,True,0,,,2001161,CONJ. MOVIMENTADOR TRINO 300 220V LIGHT 50-60HZ SEM CREMALHEIRA,,,,0,
6,35,1,96663,2001161,CONJ. MOVIMENTADOR TRINO 300 220V LIGHT 50-60HZ SEM CREMALHEIRA,200,True,0,,,2001161,CONJ. MOVIMENTADOR TRINO 300 220V LIGHT 50-60HZ SEM CREMALHEIRA,item_principal,,,,0,
6,36,1,97063,2001035,CONJ. MOVIMENTADOR TRINO 500 127V 50-60HZ SEM CREMALHEIRA,4,True,2,A,Item com aranha suja,2001035,Estator,estator,,,,0,
7,36,2,97063,2001035,CONJ. MOVIMENTADOR TRINO 500 127V 50-60HZ SEM CREMALHEIRA,4,True,0,,,2001035,Sem fim,sem_fim,,,,0,
8,36,3,97063,2001035,CONJ. MOVIMENTADOR TRINO 500 127V 50-60HZ SEM CREMALHEIRA,4,True,0,,,2001035,Engrenagem,engrenagem,,,,0,
9,36,4,97063,2001035,CONJ. MOVIMENTADOR TRINO 500 127V 50-60HZ SEM CREMALHEIRA,4,True,0,,,2001035,Capacitor,capacitor,,,,0,
10,36,5,97063,2001035,CONJ. MOVIMENTADOR TRINO 500 127V 50-60HZ SEM CREMALHEIRA,4,True,0,,,2001035,Placa,placa,,,,0,
11,36,6,97063,2001035,CONJ. MOVIMENTADOR TRINO 500 127V 50-60HZ SEM CREMALHEIRA,4,True,0,,,2001035,Jumper,jumper,,,,0,
12,36,7,97063,2001035,CONJ. MOVIMENTADOR TRINO 500 127V 50-60HZ SEM CREMALHEIRA,4,True,0,,,2001035,Base,base,,,,0,
13,36,8,97063,2001035,CONJ. MOVIMENTADOR TRINO 500 127V 50-60HZ SEM CREMALHEIRA,4,True,0,,,2001035,Tampa,tampa,,,,0,
14,36,9,97063,2001035,CONJ. MOVIMENTADOR TRINO 500 127V 50-60HZ SEM CREMALHEIRA,4,True,0,,,2001035,Manual,manual,,,,0,
15,36,10,97063,2001035,CONJ. MOVIMENTADOR TRINO 500 127V 50-60HZ SEM CREMALHEIRA,4,True,0,,,2001035,Cilindro e chave,cilindro_e_chave,,,,0,
16,36,11,97063,2001035,CONJ. MOVIMENTADOR TRINO 500 127V 50-60HZ SEM CREMALHEIRA,4,True,100,T,Etiqueta trocada,2001035,Etiqueta Tampa,etiqueta_tampa,,,,0,
