codigo,descricao,quantidade,local,data_hora,responsavel,observacao
813025,Ventoinha,15.0,,04/04/2025 00:00:00,,
813033,Tampa da ventoinha,9.0,,04/04/2025 00:00:00,,
813146,Gomo alumínio,1053.0,,04/04/2025 00:00:00,,
813171,Base do Pivo,5.0,,04/04/2025 00:00:00,,
813179,Tampa do BV,7.0,,04/04/2025 00:00:00,,
813180,Tampa do Pivo,3.0,,04/04/2025 00:00:00,,
813221,Bucha do mancal,20.0,,04/04/2025 00:00:00,,
813258,Carcaça inferior,16.0,,09/04/2025 00:00:00,,
813259,Carcaça com encoder,49.0,,09/04/2025 00:00:00,,
813262,Acoplamento New BV,617.0,,04/04/2025 00:00:00,,
813265,Carcaça New BV superior,24.0,,04/04/2025 00:00:00,,
813265,Carcaça New BV inferior,31.0,,04/04/2025 00:00:00,,
813265,Carcaça superior,64.0,,09/04/2025 00:00:00,,
813270,BV3 superior,30.0,,09/04/2025 00:00:00,,
813271,Carcaça BV3 inferior,10.0,,04/04/2025 00:00:00,,
813271,Carcaça BV3 inferior,37.0,,09/04/2025 00:00:00,,
813272,Carcaça BV4 superior,2.0,,04/04/2025 00:00:00,,
813272,Carcaça BV4 superior,16.0,,09/04/2025 00:00:00,,
813273,Carcaça BV4 inferior,1.0,,04/04/2025 00:00:00,,
813273,BV4 inferior,29.0,,09/04/2025 00:00:00,,
813281,Suporte orelha do BV,219.0,,04/04/2025 00:00:00,,
813306,Suporte orelha New BV,297.0,,04/04/2025 00:00:00,,
813310,Cilindro da chave,91.0,,04/04/2025 00:00:00,,
813256,Tampa do New BV,1.0,,04/04/2025 00:00:00,,
813271,Carcaça BV3 inferior,11.0,Furadeiras,15/04/2025 00:00:00,,
813273,Carcaça BV4 inferior,53.0,Furadeiras,15/04/2025 00:00:00,,
813272,Carcaça BV4 superior,24.0,Furadeiras,15/04/2025 00:00:00,,
813259,Carcaça New BV com encoder,11.0,Furadeiras,15/04/2025 00:00:00,,
813258,Carcaça New BV inferior,13.0,Furadeiras,15/04/2025 00:00:00,,
813265,Carcaça New BV superior,29.0,Furadeiras,15/04/2025 00:00:00,,
813310,Cilindro da chave,107.0,PV,15/04/2025 00:00:00,,
813281,Suporte orelha do BV,135.0,PV,15/04/2025 00:00:00,,
813170,Carcaça BV3 superior,9.0,Furadeiras,15/04/2025 00:00:00,,
813040,Mancal de centragem,234.0,Acionamento,17/04/2025 00:00:00,,
813177,Porca 6 entradas P60,46.0,Acionamento,17/04/2025 00:00:00,,
813175,Porca 4 entradas,4.0,Acionamento,17/04/2025 00:00:00,,
813054,Mancal inferior BV,75.0,Acionamento,17/04/2025 00:00:00,,
804462,Acabamento do tubo,35.0,Acionamento,17/04/2025 00:00:00,,
813316,Porca fêmea,38.0,Acionamento,17/04/2025 00:00:00,,
813315,Porca macho,7.0,Acionamento,17/04/2025 00:00:00,,
804508,Engrenagem BV/PIVO,6.0,Acionamento,17/04/2025 00:00:00,,
803025,Ventoinha,12.0,PV,17/04/2025 00:00:00,,
813034,Tampa do redutor,47.0,BV,17/04/2025 00:00:00,,
813409,Tampa do dz,31.0,Roginei,17/04/2025 00:00:00,,
813080,Gomo plástico,169.0,Cremalheiras,17/04/2025 00:00:00,,
813127,Gomo plástico strong,9.0,Cremalheiras,17/04/2025 00:00:00,,
813271,Carcaça BV3 inferior,27.0,Furadeiras e Linhas,22/04/2025 00:00:00,,
813270,Carcaça BV3 superior,27.0,Furadeiras e Linhas,22/04/2025 00:00:00,,
813273,Carcaça BV4 inferior,25.0,Furadeiras e Linhas,22/04/2025 00:00:00,,
813272,Carcaça BV4 superior,48.0,Furadeiras e Linhas,22/04/2025 00:00:00,,
813259,Carcaça New BV com encoder,4.0,Furadeiras e Linhas,22/04/2025 00:00:00,,
813258,Carcaça New BV inferior,15.0,Furadeiras e Linhas,22/04/2025 00:00:00,,
813265,Carcaça New BV superior,7.0,Furadeiras e Linhas,22/04/2025 00:00:00,,
813262,Acoplamento New BV,136.0,Acionamento,14/05/2025 00:00:00,,
813271,Carcaça BV3 inferior,5.0,BV,14/05/2025 00:00:00,,
813270,Carcaça BV3 superior,3.0,BV,14/05/2025 00:00:00,,
813273,Carcaça BV4 inferior,23.0,BV,14/05/2025 00:00:00,,
813272,Carcaça BV4 superior,20.0,BV,14/05/2025 00:00:00,,
813033,Tampa da ventoinha,8.0,PIVO,14/05/2025 00:00:00,,
813409,Tampa do dz,1.0,DZ,14/05/2025 00:00:00,,
813256,Tampa do New BV,7.0,NBV,14/05/2025 00:00:00,,
813034,Tampa do redutor,66.0,BV,14/05/2025 00:00:00,,
813025,Ventoinha,28.0,BV,14/05/2025 00:00:00,,
813180,Tampa do Pivo,2.0,PIVO,14/05/2025 00:00:00,,
813171,Base do Pivo,23.0,PIVO,14/05/2025 00:00:00,,
813038,Base da central BV,4.0,PIVO,14/05/2025 00:00:00,,
813257,Base da central NBV,22.0,NBV,14/05/2025 00:00:00,,
814426,#N/D,1.0,BV,14/05/2025 00:00:00,,
813280,Cruzeta,64.0,Acionamento,14/05/2025 00:00:00,,
813262,Acoplamento New BV,107.0,Acionamento,14/05/2025 00:00:00,,
813273,Carcaça BV4 inferior,7.0,Carcaças,14/05/2025 00:00:00,,
813259,Carcaça New BV com encoder,2.0,Furadeiras,14/05/2025 00:00:00,,
813258,Carcaça New BV inferior,16.0,Furadeiras,14/05/2025 00:00:00,,
813265,Carcaça New BV superior,10.0,Furadeiras,14/05/2025 00:00:00,,
813310,Cilindro da chave,89.0,Pivo,14/05/2025 00:00:00,,
813281,Suporte orelha do BV,36.0,Pivo,14/05/2025 00:00:00,,
813280,Cruzeta,19.0,Acionamento,14/05/2025 00:00:00,,
813251,Sem fim alumínio,924.0,Montagem motor,14/05/2025 00:00:00,,
813310,Cilindro da chave,2.0,Sirley,21/05/2025 00:00:00,,
804508,Engrenagem BV/PIVO,3.0,Sirley,21/05/2025 00:00:00,,
813054,Mancal inferior BV,18.0,Sirley,21/05/2025 00:00:00,,
813293,Miolo do cilindro de plástico,108.0,Sirley,21/05/2025 00:00:00,,
813280,Cruzeta,119.0,Sirley,21/05/2025 00:00:00,,
701147,Eixo BV,64.0,Sirley,21/05/2025 00:00:00,,
813271,Carcaça BV3 inferior,22.0,Matheus e furadeiras,12/05/2025 00:00:00,,
813270,Carcaça BV3 superior,1.0,Furadeiras,12/05/2025 00:00:00,,
813273,Carcaça BV4 inferior,2.0,Matheus e furadeiras,12/05/2025 00:00:00,,
813259,Carcaça New BV com encoder,25.0,Furadeiras,12/05/2025 00:00:00,,
813258,Carcaça New BV inferior,9.0,Furadeiras,12/05/2025 00:00:00,,
813265,Carcaça New BV superior,14.0,Furadeiras,12/05/2025 00:00:00,,
813306,Suporte orelha New BV,224.0,Carol,12/05/2025 00:00:00,,
813128,Gomo alumínio industrial,156.0,Cremalheiras,12/05/2025 00:00:00,,
813251,Sem fim alumínio,235.0,Marcos,12/05/2025 00:00:00,,
813243,Engrenagem ext industrial,3.0,Roginei,12/05/2025 00:00:00,,
813096,Engrenagem ext DZ nova,20.0,Roginei,12/05/2025 00:00:00,,
813271,Carcaça BV3 inferior,4.0,Furadeiras e BV,28/05/2025 00:00:00,,
813270,Carcaça BV3 superior,12.0,Furadeiras e BV,28/05/2025 00:00:00,,
813273,Carcaça BV4 inferior,24.0,Furadeiras e BV,28/05/2025 00:00:00,,
813272,Carcaça BV4 superior,10.0,Furadeiras e BV,28/05/2025 00:00:00,,
813258,Carcaça New BV inferior,1.0,Furadeiras,28/05/2025 00:00:00,,
813265,Carcaça New BV superior,1.0,Furadeiras,28/05/2025 00:00:00,,
813310,Cilindro da chave,44.0,Pivo,28/05/2025 00:00:00,,
813281,Suporte orelha do BV,270.0,Kit,28/05/2025 00:00:00,,
813306,Suporte orelha New BV,91.0,Kit,28/05/2025 00:00:00,,
813271,Carcaça BV3 inferior,13.0,Furadeiras e Pivo,03/06/2025 00:00:00,,
813270,Carcaça BV3 superior,20.0,Furadeiras e Pivo,03/06/2025 00:00:00,,
813273,Carcaça BV4 inferior,1.0,BV,03/06/2025 00:00:00,,
813272,Carcaça BV4 superior,11.0,Furadeiras,03/06/2025 00:00:00,,
813259,Carcaça New BV com encoder,8.0,Furadeiras,03/06/2025 00:00:00,,
813258,Carcaça New BV inferior,8.0,Furadeiras,03/06/2025 00:00:00,,
813265,Carcaça New BV superior,14.0,Furadeiras,03/06/2025 00:00:00,,
813310,Cilindro da chave,102.0,PIVO,03/06/2025 00:00:00,,
813281,Suporte orelha do BV,189.0,Pivo e Kit,03/06/2025 00:00:00,,
813306,Suporte orelha New BV,111.0,Kit,03/06/2025 00:00:00,,
813521,Borboleta,5.0,Pivo,03/06/2025 00:00:00,,
813251,Sem fim alumínio,361.0,Montagem,03/06/2025 00:00:00,,
813511,Pino dos kit alumínio,104.0,Kit,03/06/2025 00:00:00,,
813271,Carcaça BV3 inferior,3.0,Pivo,11/06/2025 00:00:00,,
813270,Carcaça BV3 superior,5.0,Pivo,11/06/2025 00:00:00,,
813096,Engrenagem ext DZ nova,56.0,Montagem,11/06/2025 00:00:00,,
813511,Pino dos kit alumínio,53.0,Kit,11/06/2025 00:00:00,,
813281,Suporte orelha do BV,328.0,Kit,11/06/2025 00:00:00,,
813525,Eixo DZ novo,12.0,Montagem,11/06/2025 00:00:00,,
701154,Eixo DZ antigo,24.0,Montagem,11/06/2025 00:00:00,,
813271,Carcaça BV3 inferior,6.0,Pivo,23/06/2025 00:00:00,,
813270,Carcaça BV3 superior,8.0,Pivo,23/06/2025 00:00:00,,
813273,Carcaça BV4 inferior,,Pivo,23/06/2025 00:00:00,,
813272,Carcaça BV4 superior,1.0,Pivo,23/06/2025 00:00:00,,
813281,Suporte orelha do BV,408.0,Kit,23/06/2025 00:00:00,,
813306,Suporte orelha New BV,98.0,Kit,23/06/2025 00:00:00,,
813271,Carcaça BV3 inferior,2.0,Pivo e Furadeiras,26/06/2025 00:00:00,,
813270,Carcaça BV3 superior,13.0,Pivo e Furadeiras,26/06/2025 00:00:00,,
813273,Carcaça BV4 inferior,13.0,Pivo e Furadeiras,26/06/2025 00:00:00,,
813272,Carcaça BV4 superior,17.0,Pivo e Furadeiras,26/06/2025 00:00:00,,
813259,Carcaça New BV com encoder,6.0,Furadeiras,26/06/2025 00:00:00,,
813258,Carcaça New BV inferior,11.0,Furadeiras,26/06/2025 00:00:00,,
813265,Carcaça New BV superior,22.0,Furadeiras,26/06/2025 00:00:00,,
813306,Suporte orelha New BV,117.0,Kit,26/06/2025 00:00:00,,
813180,Tampa do Pivo,34.0,Pivo,26/06/2025 00:00:00,,
804123,Base superior do controle c/logo,573.0,Guarita,26/06/2025 00:00:00,,
813271,Carcaça BV3 inferior,7.0,Pivo e BV,30/06/2025 00:00:00,,
813270,Carcaça BV3 superior,9.0,Pivo e BV,30/06/2025 00:00:00,,
813273,Carcaça BV4 inferior,5.0,Pivo e BV,30/06/2025 00:00:00,,
813272,Carcaça BV4 superior,25.0,Pivo e BV,30/06/2025 00:00:00,,
813306,Suporte orelha New BV,311.0,Kit,30/06/2025 00:00:00,,
813273,Carcaça BV4 inferior,4.0,Pivo,02/07/2025 00:00:00,,
813272,Carcaça BV4 superior,19.0,Pivo,02/07/2025 00:00:00,,
813281,Suporte orelha do BV,84.0,Kit,02/07/2025 00:00:00,,
813306,Suporte orelha New BV,212.0,Kit,02/07/2025 00:00:00,,
813153,Base superior Industrial,8.0,Strong,02/07/2025 00:00:00,,
813199,Base de alumínio DZ,12.0,Dz,02/07/2025 00:00:00,,
813270,Carcaça BV3 superior,9.0,PIVO,07/07/2025 00:00:00,,
813272,Carcaça BV4 superior,35.0,PIVO,07/07/2025 00:00:00,,
813310,Cilindro da chave,86.0,PIVO,07/07/2025 00:00:00,,
813281,Suporte orelha do BV,153.0,Kit e PIVO,07/07/2025 00:00:00,,
813306,Suporte orelha New BV,577.0,Kit,07/07/2025 00:00:00,,
813146,Gomo alumínio,1401.0,Cremalheiras,07/07/2025 00:00:00,,
813251,Sem fim alumínio,570.0,Montagem,07/07/2025 00:00:00,,
813153,Base superior Industrial,2.0,Strong,10/07/2025 00:00:00,,
813271,Carcaça BV3 inferior,18.0,Pivo e Furadeiras,10/07/2025 00:00:00,,
813270,Carcaça BV3 superior,3.0,Pivo e Furadeiras,10/07/2025 00:00:00,,
813273,Carcaça BV4 inferior,11.0,Pivo e Furadeiras,10/07/2025 00:00:00,,
813272,Carcaça BV4 superior,40.0,Pivo e Furadeiras,10/07/2025 00:00:00,,
813258,Carcaça New BV inferior,2.0,Furadeiras,10/07/2025 00:00:00,,
813394,Aranha Industrial Superior,6.0,,10/07/2025 00:00:00,,
813393,Aranha Industrial Inferior,25.0,,10/07/2025 00:00:00,,
813241,Base Inferior Industrial,8.0,Strong,10/07/2025 00:00:00,,
813199,Base de alumínio DZ,16.0,,16/07/2025 00:00:00,,
813271,Carcaça BV3 inferior,5.0,Pivo e Furadeiras,16/07/2025 00:00:00,,
813270,Carcaça BV3 superior,15.0,Pivo e Furadeiras,16/07/2025 00:00:00,,
813273,Carcaça BV4 inferior,3.0,Pivo e Furadeiras,16/07/2025 00:00:00,,
813272,Carcaça BV4 superior,17.0,Pivo e Furadeiras,16/07/2025 00:00:00,,
813096,Engrenagem ext DZ nova,29.0,Montagem,16/07/2025 00:00:00,,
813243,Engrenagem ext industrial,3.0,Montagem,16/07/2025 00:00:00,,
813146,Gomo alumínio,803.0,Cremalheiras,16/07/2025 00:00:00,,
813306,Suporte orelha New BV,85.0,Kit,16/07/2025 00:00:00,,
813037,Engrenagem DZ antiga,15.0,Montagem,16/07/2025 00:00:00,,
813199,Base de alumínio DZ,112.0,Dz,18/07/2025 00:00:00,,
813271,Carcaça BV3 inferior,4.0,Pivo e Furadeiras,18/07/2025 00:00:00,,
813270,Carcaça BV3 superior,1.0,Pivo e Furadeiras,18/07/2025 00:00:00,,
813273,Carcaça BV4 inferior,10.0,Pivo e Furadeiras,18/07/2025 00:00:00,,
813272,Carcaça BV4 superior,30.0,Pivo e Furadeiras,18/07/2025 00:00:00,,
813281,Suporte orelha do BV,16.0,,18/07/2025 00:00:00,,
813262,Acoplamento New BV,149.0,Montagem,28/07/2025 00:00:00,,
813521,Borboleta,5.0,Pivo,28/07/2025 00:00:00,,
813271,Carcaça BV3 inferior,13.0,Pivo e furadeiras,28/07/2025 00:00:00,,
813270,Carcaça BV3 superior,18.0,Pivo e furadeiras,28/07/2025 00:00:00,,
813273,Carcaça BV4 inferior,30.0,Pivo e furadeiras,28/07/2025 00:00:00,,
813272,Carcaça BV4 superior,69.0,Pivo e furadeiras,28/07/2025 00:00:00,,
813265,Carcaça New BV superior,4.0,Furadeiras,28/07/2025 00:00:00,,
813281,Suporte orelha do BV,385.0,Kit e PIVO,28/07/2025 00:00:00,,
813271,Carcaça BV3 inferior,7.0,Furadeiras,30/07/2025 00:00:00,,
813270,Carcaça BV3 superior,3.0,Furadeiras,30/07/2025 00:00:00,,
813272,Carcaça BV4 superior,3.0,,30/07/2025 00:00:00,,
813258,Carcaça New BV inferior,3.0,Furadeiras,30/07/2025 00:00:00,,
813265,Carcaça New BV superior,72.0,Furadeiras,30/07/2025 00:00:00,,
813096,Engrenagem ext DZ nova,8.0,Roginei,30/07/2025 00:00:00,,
813281,Suporte orelha do BV,415.0,Kit,30/07/2025 00:00:00,,
813037,Engrenagem DZ antiga,22.0,Roginei,30/07/2025 00:00:00,,
813009,Alavanca,253.0,,30/07/2025 00:00:00,,
813249,Cilindro Nylon,602.0,,30/07/2025 00:00:00,,
813294,Porca plástico,20.0,,30/07/2025 00:00:00,,
813293,Miolo do cilindro de plástico,61.0,,30/07/2025 00:00:00,,
813409,Tampa do dz,68.0,,30/07/2025 00:00:00,,
813271,Carcaça BV3 inferior,7.0,Furadeiras,30/07/2025 00:00:00,,
813270,Carcaça BV3 superior,3.0,Furadeiras,30/07/2025 00:00:00,,
813272,Carcaça BV4 superior,3.0,Furadeiras,30/07/2025 00:00:00,,
813258,Carcaça New BV inferior,3.0,Furadeiras,30/07/2025 00:00:00,,
813265,Carcaça New BV superior,72.0,Furadeiras,30/07/2025 00:00:00,,
813096,Engrenagem ext DZ nova,8.0,Roginei,30/07/2025 00:00:00,,
813281,Suporte orelha do BV,415.0,Kit,30/07/2025 00:00:00,,
813037,Engrenagem DZ antiga,22.0,Rodinei,30/07/2025 00:00:00,,
813271,Carcaça BV3 inferior,2.0,Furadeiras,31/07/2025 00:00:00,,
813273,Carcaça BV4 inferior,1.0,Furadeiras,31/07/2025 00:00:00,,
813258,Carcaça New BV inferior,14.0,Furadeiras,31/07/2025 00:00:00,,
813265,Carcaça New BV superior,49.0,Furadeiras,31/07/2025 00:00:00,,
813281,Suporte orelha do BV,116.0,Kit,31/07/2025 00:00:00,,
813273,Carcaça BV4 inferior,241.0,Furadeiras,12/08/2025 00:00:00,,
813146,Gomo alumínio,1265.0,Cremalheiras,12/08/2025 00:00:00,,
813251,Sem fim alumínio,288.0,Júlio,12/08/2025 00:00:00,,
813255,Sem fim 2 entradas aço,75.0,Júlio,12/08/2025 00:00:00,,
813253,Sem fim 1 entrada aço,136.0,Júlio,12/08/2025 00:00:00,,
813271,Carcaça BV3 inferior,17.0,Furadeiras,13/08/2025 00:00:00,,
813270,Carcaça BV3 superior,36.0,Furadeiras,13/08/2025 00:00:00,,
813273,Carcaça BV4 inferior,63.0,Furadeiras,13/08/2025 00:00:00,,
813272,Carcaça BV4 superior,16.0,Furadeiras,13/08/2025 00:00:00,,
813271,Carcaça BV3 inferior,4.0,Pivo,18/08/2025 00:00:00,,
813270,Carcaça BV3 superior,10.0,Pivo,18/08/2025 00:00:00,,
813265,Carcaça New BV superior,83.0,Furadeiras,18/08/2025 00:00:00,,
813281,Suporte orelha do BV,302.0,Kit,18/08/2025 00:00:00,,
813306,Suporte orelha New BV,266.0,Kit,18/08/2025 00:00:00,,
813271,Carcaça BV3 inferior,16.0,Pivo e BV,20/08/2025 00:00:00,,
813270,Carcaça BV3 superior,16.0,Pivo e BV,20/08/2025 00:00:00,,
813281,Suporte orelha do BV,277.0,Kit,20/08/2025 00:00:00,,
813199,Base de alumínio DZ,126.0,,22/08/2025 00:00:00,,
813146,Gomo alumínio,1666.0,,22/08/2025 00:00:00,,
813271,Carcaça BV3 inferior,54.0,,01/09/2025 00:00:00,,
813270,Carcaça BV3 superior,15.0,,01/09/2025 00:00:00,,
813259,Carcaça New BV com encoder,6.0,,01/09/2025 00:00:00,,
813258,Carcaça New BV inferior,16.0,,01/09/2025 00:00:00,,
813265,Carcaça New BV superior,124.0,,01/09/2025 00:00:00,,
813310,Cilindro da chave,131.0,,01/09/2025 00:00:00,,
813037,Engrenagem DZ antiga,25.0,,01/09/2025 00:00:00,,
813039,Veneziana,20.0,,01/09/2025 00:00:00,,
813281,Suporte orelha do BV,3.0,,01/09/2025 00:00:00,,
813271,Carcaça BV3 inferior,20.0,Pivo,03/09/2025 00:00:00,,
813270,Carcaça BV3 superior,13.0,Pivo,03/09/2025 00:00:00,,
813306,Suporte orelha New BV,96.0,Kit,03/09/2025 00:00:00,,
813100,Engrenagem Zamac 1 Entrada,170.0,Roginei,03/09/2025 00:00:00,,
813199,Base de alumínio DZ,15.0,Motores,03/09/2025 00:00:00,,
813239,Aranha inferior,27.0,Motores,03/09/2025 00:00:00,,
813238,Aranha superior,23.0,Motores,03/09/2025 00:00:00,,
813009,Alavanca,267.0,Sirley,10/09/2025 00:00:00,,
813199,Base de alumínio DZ,12.0,Montagem,10/09/2025 00:00:00,,
804123,Base superior do controle c/logo,428.0,Montagem,10/09/2025 00:00:00,,
813273,Carcaça BV4 inferior,44.0,Desmanche,10/09/2025 00:00:00,,
813272,Carcaça BV4 superior,38.0,Desmanche,10/09/2025 00:00:00,,
813146,Gomo alumínio,1750.0,Cremalheiras,10/09/2025 00:00:00,,
813281,Suporte orelha do BV,110.0,Kit,10/09/2025 00:00:00,,
813271,Carcaça BV3 inferior,7.0,,11/09/2025 00:00:00,,
813270,Carcaça BV3 superior,6.0,,11/09/2025 00:00:00,,
813310,Cilindro da chave,14.0,,11/09/2025 00:00:00,,
813281,Suporte orelha do BV,13.0,,11/09/2025 00:00:00,,
813521,Borboleta,13.0,Pivo,15/09/2025 00:00:00,,
813271,Carcaça BV3 inferior,15.0,Pivo,15/09/2025 00:00:00,,
813270,Carcaça BV3 superior,9.0,Pivo,15/09/2025 00:00:00,,
813310,Cilindro da chave,14.0,Pivo,15/09/2025 00:00:00,,
813249,Cilindro Nylon,432.0,Cirley,15/09/2025 00:00:00,,
813037,Engrenagem DZ antiga,5.0,Roginei,15/09/2025 00:00:00,,
813096,Engrenagem ext DZ nova,29.0,Roginei,15/09/2025 00:00:00,,
813243,Engrenagem ext industrial,1.0,Roginei,15/09/2025 00:00:00,,
813080,Gomo plástico,184.0,Cremalheiras,15/09/2025 00:00:00,,
813281,Suporte orelha do BV,19.0,Pivo,15/09/2025 00:00:00,,
813033,Tampa da ventoinha,27.0,Desmanche e pivo,15/09/2025 00:00:00,,
813025,Ventoinha,22.0,Desmanche e pivo,15/09/2025 00:00:00,,
813094,Engrenagem 1 entrada nylon,17.0,Roginei,15/09/2025 00:00:00,,
701157,Engrenagem interna industrial,5.0,Roginei,15/09/2025 00:00:00,,
813255,Sem fim 2 entradas aço,49.0,Roginei,15/09/2025 00:00:00,,
813409,Tampa do dz,10.0,Roginei,15/09/2025 00:00:00,,
813099,Zamac 2 entradas com imã,142.0,Roginei,15/09/2025 00:00:00,,
813262,Acoplamento New BV,52.0,Zé,18/09/2025 00:00:00,,
813009,Alavanca,55.0,Cirley,18/09/2025 00:00:00,,
813271,Carcaça BV3 inferior,10.0,Pivo e Furadeiras,18/09/2025 00:00:00,,
813270,Carcaça BV3 superior,4.0,Pivo,18/09/2025 00:00:00,,
813265,Carcaça New BV superior,30.0,Furadeiras,18/09/2025 00:00:00,,
813310,Cilindro da chave,5.0,Pivo,18/09/2025 00:00:00,,
813096,Engrenagem ext DZ nova,19.0,Roginei,18/09/2025 00:00:00,,
813281,Suporte orelha do BV,2.0,Pivo,18/09/2025 00:00:00,,
813033,Tampa da ventoinha,6.0,Pivo,18/09/2025 00:00:00,,
813025,Ventoinha,15.0,Pivo,18/09/2025 00:00:00,,
813245,Alavanca industrial,5.0,Cirley,18/09/2025 00:00:00,,
813262,Acoplamento New BV,58.0,Pivo,22/09/2025 00:00:00,,
813310,Cilindro da chave,47.0,Pivo,22/09/2025 00:00:00,,
813280,Cruzeta,4.0,Acionamento,22/09/2025 00:00:00,,
813316,Porca fêmea,81.0,Acionamento,22/09/2025 00:00:00,,
813315,Porca macho,55.0,Acionamento,22/09/2025 00:00:00,,
813033,Tampa da ventoinha,20.0,Pivo,22/09/2025 00:00:00,,
813025,Ventoinha,58.0,Pivo,22/09/2025 00:00:00,,
813271,Carcaça BV3 inferior,17.0,Pivo,23/09/2025 00:00:00,,
813270,Carcaça BV3 superior,13.0,Pivo,23/09/2025 00:00:00,,
813096,Engrenagem ext DZ nova,26.0,Roginei,23/09/2025 00:00:00,,
813128,Gomo alumínio industrial,70.0,Cremalheiras,23/09/2025 00:00:00,,
813281,Suporte orelha do BV,7.0,Pivo,23/09/2025 00:00:00,,
813271,Carcaça BV3 inferior,7.0,Pivo,26/09/2025 00:00:00,,
813270,Carcaça BV3 superior,11.0,Pivo,26/09/2025 00:00:00,,
813310,Cilindro da chave,57.0,Pivo,26/09/2025 00:00:00,,
813281,Suporte orelha do BV,10.0,Pivo,26/09/2025 00:00:00,,
813033,Tampa da ventoinha,6.0,Pivo,26/09/2025 00:00:00,,
813025,Ventoinha,12.0,Pivo,26/09/2025 00:00:00,,
813262,Acoplamento New BV,376.0,Acionamento,29/09/2025 00:00:00,,
813239,Aranha inferior,3.0,DZ,29/09/2025 00:00:00,,
813238,Aranha superior,3.0,DZ,29/09/2025 00:00:00,,
813199,Base de alumínio DZ,2.0,DZ,29/09/2025 00:00:00,,
813271,Carcaça BV3 inferior,4.0,Pivo,29/09/2025 00:00:00,,
813270,Carcaça BV3 superior,4.0,Pivo,29/09/2025 00:00:00,,
813310,Cilindro da chave,36.0,Pivo,29/09/2025 00:00:00,,
813096,Engrenagem ext DZ nova,37.0,Montagem,29/09/2025 00:00:00,,
701157,Engrenagem interna industrial,1.0,Montagem,29/09/2025 00:00:00,,
813281,Suporte orelha do BV,6.0,Pivo,29/09/2025 00:00:00,,
813171,Base do Pivo,2.0,Pivo,02/10/2025 00:00:00,,
813521,Borboleta,5.0,Pivo,02/10/2025 00:00:00,,
813271,Carcaça BV3 inferior,98.0,Pivo e Furadeiras,02/10/2025 00:00:00,,
813270,Carcaça BV3 superior,56.0,Pivo e Furadeiras,02/10/2025 00:00:00,,
813258,Carcaça New BV inferior,4.0,Furadeiras,02/10/2025 00:00:00,,
813265,Carcaça New BV superior,23.0,Furadeiras,02/10/2025 00:00:00,,
813310,Cilindro da chave,15.0,Pivo,02/10/2025 00:00:00,,
813251,Sem fim alumínio,470.0,Motor DZ,02/10/2025 00:00:00,,
813281,Suporte orelha do BV,3.0,Pivo,02/10/2025 00:00:00,,
813033,Tampa da ventoinha,5.0,Motor DZ,02/10/2025 00:00:00,,
813256,Tampa do New BV,2.0,NBV,02/10/2025 00:00:00,,
813180,Tampa do Pivo,2.0,Pivo,02/10/2025 00:00:00,,
813025,Ventoinha,52.0,Pivo,02/10/2025 00:00:00,,
813144,Suporte do imã pequeno,306.0,Kit,02/10/2025 00:00:00,,
813331,Suporte do imã grande,298.0,Kit,02/10/2025 00:00:00,,
804248,Tampa da central,1.0,DZ,02/10/2025 00:00:00,,
813199,Base de alumínio DZ,29.0,DZ,08/10/2025 00:00:00,,
813271,Carcaça BV3 inferior,6.0,Furadeiras,08/10/2025 00:00:00,,
813270,Carcaça BV3 superior,11.0,Furadeiras,08/10/2025 00:00:00,,
813259,Carcaça New BV com encoder,4.0,Furadeiras,08/10/2025 00:00:00,,
813258,Carcaça New BV inferior,6.0,Furadeiras,08/10/2025 00:00:00,,
813265,Carcaça New BV superior,27.0,Furadeiras,08/10/2025 00:00:00,,
813037,Engrenagem DZ antiga,2.0,Roginei,08/10/2025 00:00:00,,
813096,Engrenagem ext DZ nova,17.0,Roginei,08/10/2025 00:00:00,,
813094,Engrenagem 1 entrada nylon,10.0,Roginei,13/10/2025 00:00:00,,
813033,Tampa da ventoinha,6.0,Pivo,13/10/2025 00:00:00,,
813025,Ventoinha,167.0,Motor DZ,13/10/2025 00:00:00,,
813529,Disco do encoder Fêmea,45.0,Roginei,13/10/2025 00:00:00,,
813241,Base Inferior Industrial,1.0,NBV,17/10/2025 00:00:00,,
813153,Base superior Industrial,1.0,NBV,17/10/2025 00:00:00,,
813271,Carcaça BV3 inferior,42.0,Pivo,17/10/2025 00:00:00,,
813270,Carcaça BV3 superior,29.0,Pivo,17/10/2025 00:00:00,,
813259,Carcaça New BV com encoder,19.0,NBV,17/10/2025 00:00:00,,
813258,Carcaça New BV inferior,10.0,NBV,17/10/2025 00:00:00,,
813265,Carcaça New BV superior,21.0,NBV,17/10/2025 00:00:00,,
813310,Cilindro da chave,24.0,Pivo,17/10/2025 00:00:00,,
813096,Engrenagem ext DZ nova,10.0,Roginei,17/10/2025 00:00:00,,
813281,Suporte orelha do BV,101.0,Pivo e kit,17/10/2025 00:00:00,,
813199,Base de alumínio DZ,48.0,Deslizante,23/10/2025 00:00:00,,
813241,Base Inferior Industrial,1.0,Industrial,23/10/2025 00:00:00,,
813271,Carcaça BV3 inferior,23.0,BV  e Furadeiras,23/10/2025 00:00:00,,
813270,Carcaça BV3 superior,6.0,Pivo e Furadeiras,23/10/2025 00:00:00,,
813259,Carcaça New BV com encoder,1.0,Furadeiras,23/10/2025 00:00:00,,
813258,Carcaça New BV inferior,7.0,NBV e furadeiras,23/10/2025 00:00:00,,
813265,Carcaça New BV superior,3.0,NBV e furadeiras,23/10/2025 00:00:00,,
813096,Engrenagem ext DZ nova,42.0,Roginei,23/10/2025 00:00:00,,
813243,Engrenagem ext industrial,1.0,Roginei,23/10/2025 00:00:00,,
813281,Suporte orelha do BV,50.0,Kit,23/10/2025 00:00:00,,
813171,Base do Pivo,1.0,Pivo,27/10/2025 00:00:00,,
813054,Mancal inferior BV,28.0,Cirley,27/10/2025 00:00:00,,
813033,Tampa da ventoinha,12.0,Pivo,27/10/2025 00:00:00,,
813039,Veneziana,82.0,Pivo e Julio,27/10/2025 00:00:00,,
813199,Base de alumínio DZ,1.0,,04/11/2025 00:00:00,,
813241,Base Inferior Industrial,1.0,,04/11/2025 00:00:00,,
813153,Base superior Industrial,1.0,,04/11/2025 00:00:00,,
813270,Carcaça BV3 superior,1.0,Furadeiras,04/11/2025 00:00:00,,
813259,Carcaça New BV com encoder,18.0,Furadeiras,04/11/2025 00:00:00,,
813258,Carcaça New BV inferior,2.0,Furadeiras,04/11/2025 00:00:00,,
813265,Carcaça New BV superior,52.0,Furadeiras,04/11/2025 00:00:00,,
813037,Engrenagem DZ antiga,6.0,Roginei,04/11/2025 00:00:00,,
813096,Engrenagem ext DZ nova,32.0,Roginei,04/11/2025 00:00:00,,
813053,Acoplamento BV,628.0,,04/11/2025 00:00:00,,
813251,Sem fim alumínio,332.0,,04/11/2025 00:00:00,,
813281,Suporte orelha do BV,2.0,,04/11/2025 00:00:00,,
813262,Acoplamento New BV,90.0,Acionamento,07/11/2025 00:00:00,,
813271,Carcaça BV3 inferior,16.0,Furadeiras e Pivo,07/11/2025 00:00:00,,
813270,Carcaça BV3 superior,8.0,Furadeiras e Pivo,07/11/2025 00:00:00,,
813259,Carcaça New BV com encoder,3.0,Furadeiras,07/11/2025 00:00:00,,
813265,Carcaça New BV superior,71.0,Furadeiras,07/11/2025 00:00:00,,
813096,Engrenagem ext DZ nova,22.0,Roginei,07/11/2025 00:00:00,,
813281,Suporte orelha do BV,14.0,Pivo,07/11/2025 00:00:00,,
813262,Acoplamento New BV,11.0,Pivo,14/11/2025 00:00:00,,
813271,Carcaça BV3 inferior,71.0,"Furadeiras, BV, Pivo",14/11/2025 00:00:00,,
813270,Carcaça BV3 superior,30.0,"Furadeiras, BV, Pivo",14/11/2025 00:00:00,,
813310,Cilindro da chave,17.0,Pivo,14/11/2025 00:00:00,,
813096,Engrenagem ext DZ nova,27.0,Roginei,14/11/2025 00:00:00,,
813281,Suporte orelha do BV,22.0,Pivo,14/11/2025 00:00:00,,
813270,Carcaça BV3 superior,2.0,Pivo,19/11/2025 00:00:00,,
813273,Carcaça BV4 inferior,10.0,Pivo,19/11/2025 00:00:00,,
813310,Cilindro da chave,9.0,Pivo,19/11/2025 00:00:00,,
813146,Gomo alumínio,977.0,Cremalheiras,19/11/2025 00:00:00,,
813251,Sem fim alumínio,404.0,Julio,19/11/2025 00:00:00,,
813281,Suporte orelha do BV,9.0,Pivo,19/11/2025 00:00:00,,
813271,Carcaça BV3 inferior,7.0,Pivo,24/11/2025 00:00:00,,
813270,Carcaça BV3 superior,25.0,Pivo e Furadeiras,24/11/2025 00:00:00,,
813259,Carcaça New BV com encoder,3.0,Furadeiras e New bv,24/11/2025 00:00:00,,
813258,Carcaça New BV inferior,1.0,Nbv,24/11/2025 00:00:00,,
813310,Cilindro da chave,12.0,Pivo,24/11/2025 00:00:00,,
813096,Engrenagem ext DZ nova,7.0,Roginei,24/11/2025 00:00:00,,
813146,Gomo alumínio,89.0,Cremalheiras,24/11/2025 00:00:00,,
813281,Suporte orelha do BV,9.0,Pivo,24/11/2025 00:00:00,,
813038,Base da central BV,1.0,BV,24/11/2025 00:00:00,,
813054,Mancal inferior BV,3.0,Pivo,24/11/2025 00:00:00,,
813033,Tampa da ventoinha,4.0,Pivo e BV,24/11/2025 00:00:00,,
813180,Tampa do Pivo,10.0,Pivo,24/11/2025 00:00:00,,
813034,Tampa do redutor,1.0,BV,24/11/2025 00:00:00,,
813025,Ventoinha,17.0,Pivo e BV,24/11/2025 00:00:00,,
804542,Base inf PP deslizante,5.0,Pivo,24/11/2025 00:00:00,,
813262,Acoplamento New BV,2.0,Zé,04/12/2025 00:00:00,,
813521,Borboleta,7.0,Pivo,04/12/2025 00:00:00,,
813271,Carcaça BV3 inferior,45.0,Pivo e BV,04/12/2025 00:00:00,,
813270,Carcaça BV3 superior,35.0,Pivo e BV,04/12/2025 00:00:00,,
813265,Carcaça New BV superior,1.0,NBV,04/12/2025 00:00:00,,
813310,Cilindro da chave,50.0,Pivo,04/12/2025 00:00:00,,
813096,Engrenagem ext DZ nova,79.0,Roginei,04/12/2025 00:00:00,,
813281,Suporte orelha do BV,29.0,Pivo,04/12/2025 00:00:00,,
813009,Alavanca,101.0,Cirley,06/12/2025 00:00:00,,
813249,Cilindro Nylon,47.0,Cirley,06/12/2025 00:00:00,,
813250,Chavinha,49.0,Cirley,06/12/2025 00:00:00,,
813033,Tampa da ventoinha,5.0,Pivo,06/12/2025 00:00:00,,
813256,Tampa do New BV,1.0,Pivo,06/12/2025 00:00:00,,
813025,Ventoinha,22.0,Pivo,06/12/2025 00:00:00,,
813262,Acoplamento New BV,21.0,Zé,16/12/2025 00:00:00,,
813521,Borboleta,2.0,Pivo,16/12/2025 00:00:00,,
813271,Carcaça BV3 inferior,19.0,Furadeiras,16/12/2025 00:00:00,,
813270,Carcaça BV3 superior,19.0,Furadeiras,16/12/2025 00:00:00,,
813259,Carcaça New BV com encoder,3.0,Furadeiras,16/12/2025 00:00:00,,
813258,Carcaça New BV inferior,2.0,Furadeiras e New bv,16/12/2025 00:00:00,,
813265,Carcaça New BV superior,130.0,Furadeiras e New bv,16/12/2025 00:00:00,,
813310,Cilindro da chave,44.0,Pivo,16/12/2025 00:00:00,,
813037,Engrenagem DZ antiga,1.0,Roginei,16/12/2025 00:00:00,,
813096,Engrenagem ext DZ nova,26.0,Roginei,16/12/2025 00:00:00,,
813251,Sem fim alumínio,404.0,Julio,16/12/2025 00:00:00,,
813281,Suporte orelha do BV,24.0,Pivo,16/12/2025 00:00:00,,
813265,Carcaça New BV superior,129.0,Furadeiras,18/12/2025 00:00:00,,
813262,Acoplamento New BV,8.0,Pivo,06/01/2026 00:00:00,,
813271,Carcaça BV3 inferior,29.0,Furadeiras e Pivo,06/01/2026 00:00:00,,
813270,Carcaça BV3 superior,10.0,Furadeiras e Pivo,06/01/2026 00:00:00,,
813258,Carcaça New BV inferior,2.0,Furadeiras,06/01/2026 00:00:00,,
813265,Carcaça New BV superior,17.0,Furadeiras,06/01/2026 00:00:00,,
813310,Cilindro da chave,35.0,Pivo,06/01/2026 00:00:00,,
813037,Engrenagem DZ antiga,4.0,Roginei,06/01/2026 00:00:00,,
813096,Engrenagem ext DZ nova,87.0,Roginei,06/01/2026 00:00:00,,
813243,Engrenagem ext industrial,2.0,Roginei,06/01/2026 00:00:00,,
813281,Suporte orelha do BV,29.0,Pivo,06/01/2026 00:00:00,,
813270,Carcaça BV3 superior,4.0,Furadeiras,13/01/2026 00:00:00,,
813273,Carcaça BV4 inferior,6.0,Furadeiras,13/01/2026 00:00:00,,
813258,Carcaça New BV inferior,7.0,Furadeiras,13/01/2026 00:00:00,,
813265,Carcaça New BV superior,5.0,Furadeiras,13/01/2026 00:00:00,,
813096,Engrenagem ext DZ nova,143.0,Roginei,13/01/2026 00:00:00,,
813251,Sem fim alumínio,405.0,Júlio,13/01/2026 00:00:00,,
813257,Base da central NBV,51.0,NBV,30/01/2026 00:00:00,,
813094,Engrenagem 1 entrada nylon,11.0,Engrenagem,30/01/2026 00:00:00,,
804247,Base  da central DZ,2.0,DZ,30/01/2026 00:00:00,,
813033,Tampa da ventoinha,12.0,BV/PIVO,30/01/2026 00:00:00,,
813179,Tampa do BV,1.0,BV,30/01/2026 00:00:00,,
813180,Tampa do Pivo,4.0,PIVO,30/01/2026 00:00:00,,
813034,Tampa do redutor,51.0,BV,30/01/2026 00:00:00,,
813025,Ventoinha,39.0,BV/PIVO,30/01/2026 00:00:00,,
813024,Tampa preta DZ,1.0,DZ,30/01/2026 00:00:00,,
813262,Acoplamento New BV,84.0,Zé,30/01/2026 00:00:00,,
813245,Alavanca industrial,10.0,Sirley,30/01/2026 00:00:00,,
813271,Carcaça BV3 inferior,25.0,Furadeiras,30/01/2026 00:00:00,,
813270,Carcaça BV3 superior,19.0,Furadeiras,30/01/2026 00:00:00,,
813259,Carcaça New BV com encoder,3.0,Furadeiras,30/01/2026 00:00:00,,
813258,Carcaça New BV inferior,6.0,Furadeiras,30/01/2026 00:00:00,,
813265,Carcaça New BV superior,10.0,Furadeiras,30/01/2026 00:00:00,,
813310,Cilindro da chave,15.0,Pivo,30/01/2026 00:00:00,,
813037,Engrenagem DZ antiga,2.0,Roginei,30/01/2026 00:00:00,,
813096,Engrenagem ext DZ nova,33.0,Roginei,30/01/2026 00:00:00,,
813146,Gomo alumínio,1257.0,Cremalheiras,30/01/2026 00:00:00,,
813281,Suporte orelha do BV,24.0,Adriano,30/01/2026 00:00:00,,
813262,Acoplamento New BV,60.0,b,10/02/2026 00:00:00,,
813521,Borboleta,60.0,Furadeiras e Pivo,10/02/2026 00:00:00,,
813271,Carcaça BV3 inferior,49.0,Furadeiras/BV/PV,10/02/2026 00:00:00,,
813270,Carcaça BV3 superior,43.0,Furadeiras/BV/PV,10/02/2026 00:00:00,,
813273,Carcaça BV4 inferior,61.0,Furadeiras,10/02/2026 00:00:00,,
813272,Carcaça BV4 superior,69.0,Furadeiras,10/02/2026 00:00:00,,
813259,Carcaça New BV com encoder,1.0,Furadeiras,10/02/2026 00:00:00,,
813258,Carcaça New BV inferior,4.0,Furadeiras,10/02/2026 00:00:00,,
813265,Carcaça New BV superior,17.0,Furadeiras,10/02/2026 00:00:00,,
813310,Cilindro da chave,48.0,Furadeiras e Pivo,10/02/2026 00:00:00,,
813037,Engrenagem DZ antiga,8.0,Roginei,10/02/2026 00:00:00,,
813096,Engrenagem ext DZ nova,234.0,Roginei,10/02/2026 00:00:00,,
813243,Engrenagem ext industrial,1.0,Roginei,10/02/2026 00:00:00,,
813281,Suporte orelha do BV,105.0,Furadeiras e Pivo,10/02/2026 00:00:00,,
813262,Acoplamento New BV,55.0,Acionamento,17/02/2026 00:00:00,,
813521,Borboleta,2.0,Adriano,17/02/2026 00:00:00,,
813271,Carcaça BV3 inferior,51.0,"Carcaças, BV, Pivo",17/02/2026 00:00:00,,
813270,Carcaça BV3 superior,14.0,Carcaças,17/02/2026 00:00:00,,
813259,Carcaça New BV com encoder,26.0,Carcaças,17/02/2026 00:00:00,,
813258,Carcaça New BV inferior,121.0,Carcaças,17/02/2026 00:00:00,,
813265,Carcaça New BV superior,15.0,Adriano,17/02/2026 00:00:00,,
813310,Cilindro da chave,13.0,Roginei,17/02/2026 00:00:00,,
813096,Engrenagem ext DZ nova,192.0,Roginei,17/02/2026 00:00:00,,
813243,Engrenagem ext industrial,2.0,Júlio,17/02/2026 00:00:00,,
813251,Sem fim alumínio,640.0,Adriano,17/02/2026 00:00:00,,
813281,Suporte orelha do BV,9.0,Células,17/02/2026 00:00:00,,
512001,Motor P17 127V DZ,32.0,Células,17/02/2026 00:00:00,,
512002,Motor P17 220V DZ,21.0,Células,17/02/2026 00:00:00,,
512004,Motor P28 127V DZ,5.0,Células,17/02/2026 00:00:00,,
512005,Motor P28 220V DZ,6.0,Células,17/02/2026 00:00:00,,
512008,Motor P33 220V DZ,5.0,Células,17/02/2026 00:00:00,,
512023,Motor P80 220V IND,2.0,Células,17/02/2026 00:00:00,,
813262,Acoplamento New BV,24.0,Acionamento,02/03/2026 00:00:00,,
813521,Borboleta,1.0,Pivo,02/03/2026 00:00:00,,
813271,Carcaça BV3 inferior,85.0,Furadeiras e pivo,02/03/2026 00:00:00,,
813270,Carcaça BV3 superior,59.0,Furadeiras e pivo,02/03/2026 00:00:00,,
813259,Carcaça New BV com encoder,42.0,Furadeiras e nbv,02/03/2026 00:00:00,,
813258,Carcaça New BV inferior,7.0,Furadeiras e nbv,02/03/2026 00:00:00,,
813265,Carcaça New BV superior,120.0,Furadeiras e nbv,02/03/2026 00:00:00,,
813310,Cilindro da chave,12.0,Pivo,02/03/2026 00:00:00,,
813281,Suporte orelha do BV,2.0,Pivo,02/03/2026 00:00:00,,
813053,Acoplamento BV,45.0,Acionamento,05/03/2026 00:00:00,,
813521,Borboleta,1.0,Pivo,05/03/2026 00:00:00,,
813271,Carcaça BV3 inferior,41.0,Pivo e Furadeiras,05/03/2026 00:00:00,,
813270,Carcaça BV3 superior,4.0,Pivo e Furadeiras,05/03/2026 00:00:00,,
813259,Carcaça New BV com encoder,2.0,New BV e furadeiras,05/03/2026 00:00:00,,
813265,Carcaça New BV superior,97.0,Furadeiras,05/03/2026 00:00:00,,
813310,Cilindro da chave,12.0,Pivo,05/03/2026 00:00:00,,
813096,Engrenagem ext DZ nova,173.0,Roginei,05/03/2026 00:00:00,,
813251,Sem fim alumínio,431.0,Júlio,05/03/2026 00:00:00,,
813281,Suporte orelha do BV,9.0,Pivo,05/03/2026 00:00:00,,
813262,Acoplamento New BV,91.0,Furadeira/Acionamento,16/03/2026 00:00:00,,
813153,Base superior Industrial,1.0,Dz,16/03/2026 00:00:00,,
813271,Carcaça BV3 inferior,56.0,pivo/bv/furadeira,16/03/2026 00:00:00,,
813270,Carcaça BV3 superior,50.0,pivo/bv/furadeira,16/03/2026 00:00:00,,
813265,Carcaça New BV superior,40.0,Furadeira,16/03/2026 00:00:00,,
813310,Cilindro da chave,56.0,Pivo/Furadeira,16/03/2026 00:00:00,,
813096,Engrenagem ext DZ nova,5.0,Engrenagem,16/03/2026 00:00:00,,
813243,Engrenagem ext industrial,1.0,Engrenagem,16/03/2026 00:00:00,,
813146,Gomo alumínio,4.0,Cremalheiras,16/03/2026 00:00:00,,
813251,Sem fim alumínio,150.0,Julio/Furadeira,16/03/2026 00:00:00,,
813281,Suporte orelha do BV,2.0,Pivo,16/03/2026 00:00:00,,
813262,Acoplamento New BV,17.0,Acionamento,17/03/2026 00:00:00,,
813199,Base de alumínio DZ,23.0,,17/03/2026 00:00:00,,
813521,Borboleta,20.0,Kit,17/03/2026 00:00:00,,
813271,Carcaça BV3 inferior,283.0,Pivo/Furadeira,17/03/2026 00:00:00,,
813270,Carcaça BV3 superior,23.0,Pivo/Furadeira,17/03/2026 00:00:00,,
813310,Cilindro da chave,83.0,Pivo,17/03/2026 00:00:00,,
813096,Engrenagem ext DZ nova,1.0,Engrenagem,17/03/2026 00:00:00,,
,Chave do destravamento,22.0,,17/03/2026 00:00:00,,
813251,Sem fim alumínio,50.0,Julio,17/03/2026 00:00:00,,
813281,Suporte orelha do BV,16.0,Kit/Pivo,17/03/2026 00:00:00,,
813262,Acoplamento New BV,7.0,Acionamento,23/03/2026 00:00:00,,
813271,Carcaça BV3 inferior,251.0,Pivo e Furadeiras,23/03/2026 00:00:00,,
813270,Carcaça BV3 superior,131.0,Pivo e Furadeiras,23/03/2026 00:00:00,,
813259,Carcaça New BV com encoder,4.0,New BV e furadeiras,23/03/2026 00:00:00,,
813258,Carcaça New BV inferior,5.0,NBV,23/03/2026 00:00:00,,
813265,Carcaça New BV superior,3.0,NBV,23/03/2026 00:00:00,,
813310,Cilindro da chave,77.0,PV,23/03/2026 00:00:00,,
811775,Caixa New BV,20.0,NBV,23/03/2026 00:00:00,,
813281,Suporte orelha do BV,6.0,PV,23/03/2026 00:00:00,,
813262,Acoplamento New BV,7.0,Acionamento,25/03/2026 00:00:00,,
813171,Base do Pivo,5.0,Pivo e Pre montagem,25/03/2026 00:00:00,,
813271,Carcaça BV3 inferior,82.0,Pivo e Furadeiras,25/03/2026 00:00:00,,
813270,Carcaça BV3 superior,201.0,Pivo e Furadeiras,25/03/2026 00:00:00,,
813259,Carcaça New BV com encoder,2.0,Furadeiras,25/03/2026 00:00:00,,
813265,Carcaça New BV superior,2.0,Furadeiras,25/03/2026 00:00:00,,
813310,Cilindro da chave,27.0,,25/03/2026 00:00:00,,
804326,Base Pivo New,2.0,Pre montagem placa,25/03/2026 00:00:00,,
811775,Caixa New BV,18.0,NBV,25/03/2026 00:00:00,,
813281,Suporte orelha do BV,16.0,PV,25/03/2026 00:00:00,,
813180,Tampa do Pivo,6.0,Pre montagem placa,25/03/2026 00:00:00,,
804327,Tampa Pivo New,14.0,Pre montagem placa,25/03/2026 00:00:00,,
813262,Acoplamento New BV,14.0,Acionamento,06/04/2026 00:00:00,,
813521,Borboleta,3.0,PV,06/04/2026 00:00:00,,
813271,Carcaça BV3 inferior,36.0,PV,06/04/2026 00:00:00,,
813270,Carcaça BV3 superior,98.0,PV,06/04/2026 00:00:00,,
813310,Cilindro da chave,122.0,PV,06/04/2026 00:00:00,,
813096,Engrenagem ext DZ nova,33.0,Roginei,06/04/2026 00:00:00,,
813243,Engrenagem ext industrial,1.0,Roginei,06/04/2026 00:00:00,,
813281,Suporte orelha do BV,58.0,PV,06/04/2026 00:00:00,,
813262,Acoplamento New BV,15.0,Furadeiras e acionamento,20/04/2026 00:00:00,,
813271,Carcaça BV3 inferior,28.0,PV/BV/Furadeiras,20/04/2026 00:00:00,,
813270,Carcaça BV3 superior,15.0,PV/BV/Furadeiras,20/04/2026 00:00:00,,
813258,Carcaça New BV inferior,1.0,NBV,20/04/2026 00:00:00,,
813310,Cilindro da chave,159.0,PV,20/04/2026 00:00:00,,
813037,Engrenagem DZ antiga,1.0,Roginei,20/04/2026 00:00:00,,
813096,Engrenagem ext DZ nova,79.0,Roginei,20/04/2026 00:00:00,,
813243,Engrenagem ext industrial,1.0,Roginei,20/04/2026 00:00:00,,
813146,Gomo alumínio,588.0,Cremalheiras,20/04/2026 00:00:00,,
813251,Sem fim alumínio,495.0,Furadeiras,20/04/2026 00:00:00,,
813281,Suporte orelha do BV,53.0,PV,20/04/2026 00:00:00,,
813262,Acoplamento New BV,4.0,Kit,27/04/2026 00:00:00,,
813199,Base de alumínio DZ,56.0,Dz,27/04/2026 00:00:00,,
813521,Borboleta,2.0,PV,27/04/2026 00:00:00,,
813271,Carcaça BV3 inferior,37.0,PV/BV/Furadeiras,27/04/2026 00:00:00,,
813270,Carcaça BV3 superior,42.0,PV/BV/Furadeiras,27/04/2026 00:00:00,,
813310,Cilindro da chave,26.0,PV,27/04/2026 00:00:00,,
701154,Eixo DZ antigo,14.0,Roginei,27/04/2026 00:00:00,,
813525,Eixo DZ novo,30.0,Roginei,27/04/2026 00:00:00,,
813096,Engrenagem ext DZ nova,4.0,Roginei,27/04/2026 00:00:00,,
813100,Engrenagem Zamac 1 Entrada,60.0,Roginei,27/04/2026 00:00:00,,
813278,Engrenagem zamac BV/Pivo,9.0,Roginei,27/04/2026 00:00:00,,
813253,Sem fim 1 entrada aço,484.0,Júlio,27/04/2026 00:00:00,,
813255,Sem fim 2 entradas aço,180.0,Júlio,27/04/2026 00:00:00,,
813281,Suporte orelha do BV,30.0,PV,27/04/2026 00:00:00,,
813306,Suporte orelha New BV,4.0,Kit,27/04/2026 00:00:00,,
813099,Zamac 2 entradas com imã,91.0,Roginei,27/04/2026 00:00:00,,
813372,Sem fim industrial/strong,10.0,Júlio,27/04/2026 00:00:00,,
813262,Acoplamento New BV,53.0,PV/furadeiras,06/05/2026 00:00:00,,
813009,Alavanca,264.0,,06/05/2026 00:00:00,,
813038,Base da central BV,3.0,,06/05/2026 00:00:00,,
813171,Base do Pivo,3.0,,06/05/2026 00:00:00,,
804542,Base inf PP deslizante,18.0,,06/05/2026 00:00:00,,
813241,Base Inferior Industrial,7.0,DZ,06/05/2026 00:00:00,,
813257,Base da central NBV,10.0,,06/05/2026 00:00:00,,
804123,Base superior do controle c/logo,47.0,Mesa,06/05/2026 00:00:00,,
813153,Base superior Industrial,3.0,DZ,06/05/2026 00:00:00,,
813521,Borboleta,511.0,,06/05/2026 00:00:00,,
813271,Carcaça BV3 inferior,53.0,PV/BV/Furadeiras,06/05/2026 00:00:00,,
813270,Carcaça BV3 superior,77.0,PV/BV/Furadeiras,06/05/2026 00:00:00,,
813258,Carcaça New BV inferior,1.0,NBV,06/05/2026 00:00:00,,
813310,Cilindro da chave,3.0,PV,06/05/2026 00:00:00,,
813249,Cilindro Nylon,30.0,,06/05/2026 00:00:00,,
813280,Cruzeta,60.0,,06/05/2026 00:00:00,,
813529,Disco do encoder Fêmea,144.0,,06/05/2026 00:00:00,,
813094,Engrenagem 1 entrada nylon,6.0,,06/05/2026 00:00:00,,
701157,Engrenagem interna industrial,7.0,,06/05/2026 00:00:00,,
813080,Gomo plástico,208.0,Cremalheiras,06/05/2026 00:00:00,,
813054,Mancal inferior BV,15.0,,06/05/2026 00:00:00,,
813293,Miolo do cilindro de plástico,46.0,,06/05/2026 00:00:00,,
813316,Porca fêmea,30.0,,06/05/2026 00:00:00,,
813315,Porca macho,5.0,,06/05/2026 00:00:00,,
813294,Porca plástico,37.0,,06/05/2026 00:00:00,,
813251,Sem fim alumínio,144.0,Júlio,06/05/2026 00:00:00,,
813331,Suporte do imã grande,28.0,,06/05/2026 00:00:00,,
813281,Suporte orelha do BV,50.0,PV,06/05/2026 00:00:00,,
804248,Tampa da central,4.0,,06/05/2026 00:00:00,,
804426,Tampa da central inversora,1.0,,06/05/2026 00:00:00,,
813033,Tampa da ventoinha,68.0,,06/05/2026 00:00:00,,
813256,Tampa do New BV,6.0,,06/05/2026 00:00:00,,
813180,Tampa do Pivo,4.0,,06/05/2026 00:00:00,,
813034,Tampa do redutor,10.0,,06/05/2026 00:00:00,,
813024,Tampa preta DZ,3.0,,06/05/2026 00:00:00,,
813025,Ventoinha,142.0,,06/05/2026 00:00:00,,
813263,Rolamento plástico,42.0,,06/05/2026 00:00:00,,
813410,Bucha de centragem DZ,16.0,,06/05/2026 00:00:00,,
813409,Tampa do dz,57.0,,06/05/2026 00:00:00,,
813317,Mancal superior PV,15.0,,06/05/2026 00:00:00,,
813036,Tampa cinza,3.0,,06/05/2026 00:00:00,,
813610,Porca 6 entradas NBV Nova,53.0,,06/05/2026 00:00:00,,
804554,Porca 5 entradas Nova,39.0,,06/05/2026 00:00:00,,
813517,Porca Universal,6.0,,06/05/2026 00:00:00,,
813175,Porca 4 entradas,8.0,,06/05/2026 00:00:00,,
813176,Porca 5 entradas Antiga,31.0,,06/05/2026 00:00:00,,
813248,Tampa Grafite,2.0,,06/05/2026 00:00:00,,
813151,Base DZ inferior Nylon,2.0,,06/05/2026 00:00:00,,
804261,Base DZ superior Nylon C/Encoder,10.0,,06/05/2026 00:00:00,,
804430,Copo do rolamento,146.0,,06/05/2026 00:00:00,,
813262,Acoplamento New BV,3.0,PV/furadeiras,18/05/2026 00:00:00,,
813009,Alavanca,16.0,,18/05/2026 00:00:00,,
813199,Base de alumínio DZ,89.0,DZ,18/05/2026 00:00:00,,
804542,Base inf PP deslizante,3.0,DZ,18/05/2026 00:00:00,,
804326,Base Pivo New,1.0,,18/05/2026 00:00:00,,
813521,Borboleta,10.0,PV,18/05/2026 00:00:00,,
813271,Carcaça BV3 inferior,128.0,PV/BV/Furadeiras,18/05/2026 00:00:00,,
813270,Carcaça BV3 superior,100.0,PV/BV/Furadeiras,18/05/2026 00:00:00,,
813310,Cilindro da chave,3.0,PV,18/05/2026 00:00:00,,
813529,Disco do encoder Fêmea,4.0,,18/05/2026 00:00:00,,
813094,Engrenagem 1 entrada nylon,1.0,,18/05/2026 00:00:00,,
813096,Engrenagem ext DZ nova,44.0,Roginei,18/05/2026 00:00:00,,
813100,Engrenagem Zamac 1 Entrada,1.0,,18/05/2026 00:00:00,,
813080,Gomo plástico,181.0,Cremalheiras,18/05/2026 00:00:00,,
813293,Miolo do cilindro de plástico,20.0,,18/05/2026 00:00:00,,
813316,Porca fêmea,14.0,Acionamento,18/05/2026 00:00:00,,
813315,Porca macho,1.0,Acionamento,18/05/2026 00:00:00,,
813251,Sem fim alumínio,128.0,Júlio,18/05/2026 00:00:00,,
813281,Suporte orelha do BV,58.0,PV,18/05/2026 00:00:00,,
813033,Tampa da ventoinha,3.0,,18/05/2026 00:00:00,,
813256,Tampa do New BV,1.0,NBV,18/05/2026 00:00:00,,
813034,Tampa do redutor,1.0,BV,18/05/2026 00:00:00,,
804327,Tampa Pivo New,25.0,PV,18/05/2026 00:00:00,,
804247,Base  da central DZ,1.0,DZ,18/05/2026 00:00:00,,
813025,Ventoinha,73.0,PV/BV,18/05/2026 00:00:00,,
804246,Base DZ superior Nylon,3.0,,18/05/2026 00:00:00,,
813151,Base DZ inferior Nylon,2.0,,18/05/2026 00:00:00,,
804540,Base Superior PP DZ,3.0,,18/05/2026 00:00:00,,
813521,Borboleta,6.0,PV,20/05/2026 00:00:00,,
813271,Carcaça BV3 inferior,83.0,PV/BV/Furadeiras,20/05/2026 00:00:00,,
813270,Carcaça BV3 superior,48.0,PV/BV/Furadeiras,20/05/2026 00:00:00,,
813258,Carcaça New BV inferior,6.0,Furadeiras,20/05/2026 00:00:00,,
813310,Cilindro da chave,3.0,PV,20/05/2026 00:00:00,,
813249,Cilindro Nylon,9.0,PV,20/05/2026 00:00:00,,
701154,Eixo DZ antigo,2.0,,20/05/2026 00:00:00,,
813525,Eixo DZ novo,11.0,,20/05/2026 00:00:00,,
813096,Engrenagem ext DZ nova,25.0,,20/05/2026 00:00:00,,
813100,Engrenagem Zamac 1 Entrada,25.0,,20/05/2026 00:00:00,,
813146,Gomo alumínio,405.0,Cremalheiras,20/05/2026 00:00:00,,
813251,Sem fim alumínio,130.0,Júlio,20/05/2026 00:00:00,,
813281,Suporte orelha do BV,40.0,PV,20/05/2026 00:00:00,,
813623,Batente alumínio (novo),403.0,,20/05/2026 00:00:00,,
813278,Engrenagem zamac BV/Pivo,105.0,,20/05/2026 00:00:00,,
813099,Zamac 2 entradas com imã,2.0,,20/05/2026 00:00:00,,
813619,Eixo estampado PV,2.0,,20/05/2026 00:00:00,,
813521,Borboleta,8.0,PV/BV,22/05/2026 00:00:00,,
813271,Carcaça BV3 inferior,89.0,PV/BV/Furadeiras,22/05/2026 00:00:00,,
813270,Carcaça BV3 superior,56.0,PV/BV/Furadeiras,22/05/2026 00:00:00,,
813259,Carcaça New BV com encoder,2.0,NBV,22/05/2026 00:00:00,,
813258,Carcaça New BV inferior,94.0,Furadeiras,22/05/2026 00:00:00,,
813310,Cilindro da chave,39.0,Kit,22/05/2026 00:00:00,,
813096,Engrenagem ext DZ nova,3.0,,22/05/2026 00:00:00,,
813281,Suporte orelha do BV,5.0,PV,22/05/2026 00:00:00,,
813306,Suporte orelha New BV,2.0,Kit,22/05/2026 00:00:00,,
804247,Base  da central DZ,118.0,DZ,22/05/2026 00:00:00,,
813311,Chave PV alumínio,12.0,,22/05/2026 00:00:00,,
813248,Tampa Grafite,59.0,,22/05/2026 00:00:00,,
813262,Acoplamento New BV,3.0,Acionamento,28/05/2026 00:00:00,,
813009,Alavanca,14.0,,28/05/2026 00:00:00,,
813153,Base superior Industrial,1.0,,28/05/2026 00:00:00,,
813521,Borboleta,3.0,PV,28/05/2026 00:00:00,,
813271,Carcaça BV3 inferior,80.0,PV/BV/Furadeiras,28/05/2026 00:00:00,,
813270,Carcaça BV3 superior,69.0,PV/BV/Furadeiras,28/05/2026 00:00:00,,
804508,Engrenagem BV/PIVO,2.0,,28/05/2026 00:00:00,,
813096,Engrenagem ext DZ nova,25.0,,28/05/2026 00:00:00,,
813316,Porca fêmea,18.0,Acionamento,28/05/2026 00:00:00,,
813251,Sem fim alumínio,49.0,Júlio,28/05/2026 00:00:00,,
813281,Suporte orelha do BV,35.0,PV,28/05/2026 00:00:00,,
813033,Tampa da ventoinha,3.0,BV/PIVO,28/05/2026 00:00:00,,
813179,Tampa do BV,1.0,BV,28/05/2026 00:00:00,,
804247,Base  da central DZ,1.0,DZ,28/05/2026 00:00:00,,
813025,Ventoinha,6.0,BV/PIVO,28/05/2026 00:00:00,,
813249,Cilindro Nylon,1.0,DZ,28/05/2026 00:00:00,,
813317,Mancal superior PV,15.0,Acionamento,28/05/2026 00:00:00,,
813260,Calço estator NBV,35.0,,28/05/2026 00:00:00,,
804142,Base superior controle branco AGL,8.0,Mesa,28/05/2026 00:00:00,,
Base de encoder industrial,Base de encoder industrial,30.0,Mesa,28/05/2026 00:00:00,,
813009,Alavanca,15.0,Yasmin,08/06/2026 00:00:00,,
813245,Alavanca industrial,18.0,Yasmin,08/06/2026 00:00:00,,
813257,Base da central NBV,1.0,NBV,08/06/2026 00:00:00,,
813271,Carcaça BV3 inferior,74.0,BV/PV/FURADEIRAS,08/06/2026 00:00:00,,
813270,Carcaça BV3 superior,94.0,BV/PV/FURADEIRAS,08/06/2026 00:00:00,,
813259,Carcaça New BV com encoder,9.0,NBV,08/06/2026 00:00:00,,
813258,Carcaça New BV inferior,12.0,NBV,08/06/2026 00:00:00,,
813265,Carcaça New BV superior,19.0,NBV,08/06/2026 00:00:00,,
813529,Disco do encoder Fêmea,10.0,Roginei,08/06/2026 00:00:00,,
813096,Engrenagem ext DZ nova,32.0,Roginei,08/06/2026 00:00:00,,
813146,Gomo alumínio,439.0,Cremalheiras,08/06/2026 00:00:00,,
813080,Gomo plástico,28.0,Cremalheiras,08/06/2026 00:00:00,,
813317,Mancal superior PV,13.0,Acionamento,08/06/2026 00:00:00,,
813293,Miolo do cilindro de plástico,13.0,Yasmin,08/06/2026 00:00:00,,
813316,Porca fêmea,10.0,Acionamento,08/06/2026 00:00:00,,
813251,Sem fim alumínio,89.0,Júlio,08/06/2026 00:00:00,,
813033,Tampa da ventoinha,3.0,BV,08/06/2026 00:00:00,,
813179,Tampa do BV,1.0,BV,08/06/2026 00:00:00,,
813256,Tampa do New BV,2.0,NBV,08/06/2026 00:00:00,,
813248,Tampa Grafite,1.0,DZ,08/06/2026 00:00:00,,
813024,Tampa preta DZ,1.0,DZ,08/06/2026 00:00:00,,
813025,Ventoinha,33.0,BV/PV,08/06/2026 00:00:00,,
804142,Base superior controle branco AGL,20.0,Mesa,08/06/2026 00:00:00,,
813038,Base da central BV,1.0,BV,08/06/2026 00:00:00,,
813262,Acoplamento New BV,173.0,Furadeiras,17/06/2026 00:00:00,,
813009,Alavanca,271.0,Yasmin,17/06/2026 00:00:00,,
804247,Base  da central DZ,9.0,DZ,17/06/2026 00:00:00,,
813038,Base da central BV,1.0,BV,17/06/2026 00:00:00,,
813241,Base Inferior Industrial,2.0,DZ,17/06/2026 00:00:00,,
813257,Base da central NBV,9.0,NBV,17/06/2026 00:00:00,,
813153,Base superior Industrial,3.0,DZ,17/06/2026 00:00:00,,
813623,Batente alumínio (novo),1.0,Acionamento,17/06/2026 00:00:00,,
813271,Carcaça BV3 inferior,18.0,Furadeiras,17/06/2026 00:00:00,,
813270,Carcaça BV3 superior,14.0,Furadeiras,17/06/2026 00:00:00,,
813259,Carcaça New BV com encoder,6.0,NBV,17/06/2026 00:00:00,,
813258,Carcaça New BV inferior,22.0,NBV,17/06/2026 00:00:00,,
813265,Carcaça New BV superior,26.0,NBV,17/06/2026 00:00:00,,
813280,Cruzeta,94.0,Mancal,17/06/2026 00:00:00,,
701154,Eixo DZ antigo,5.0,Roginei,17/06/2026 00:00:00,,
813525,Eixo DZ novo,7.0,Roginei,17/06/2026 00:00:00,,
813037,Engrenagem DZ antiga,2.0,Roginei,17/06/2026 00:00:00,,
813096,Engrenagem ext DZ nova,22.0,Roginei,17/06/2026 00:00:00,,
813243,Engrenagem ext industrial,1.0,Roginei,17/06/2026 00:00:00,,
813100,Engrenagem Zamac 1 Entrada,33.0,Roginei,17/06/2026 00:00:00,,
813278,Engrenagem zamac BV/Pivo,34.0,Furadeiras,17/06/2026 00:00:00,,
813146,Gomo alumínio,373.0,Cremalheiras,17/06/2026 00:00:00,,
813317,Mancal superior PV,13.0,Acionamento,17/06/2026 00:00:00,,
813316,Porca fêmea,1.0,Acionamento,17/06/2026 00:00:00,,
813251,Sem fim alumínio,153.0,Júlio,17/06/2026 00:00:00,,
813033,Tampa da ventoinha,1.0,BV,17/06/2026 00:00:00,,
813256,Tampa do New BV,6.0,DZ,17/06/2026 00:00:00,,
813248,Tampa Grafite,51.0,DZ,17/06/2026 00:00:00,,
813024,Tampa preta DZ,58.0,DZ,17/06/2026 00:00:00,,
813099,Zamac 2 entradas com imã,1.0,Roginei,17/06/2026 00:00:00,,
813241,Base Inferior Industrial,2.0,DZ,18/06/2026 00:00:00,,
813153,Base superior Industrial,1.0,DZ,18/06/2026 00:00:00,,
813623,Batente alumínio (novo),3.0,Acionamento,18/06/2026 00:00:00,,
813521,Borboleta,1.0,PV,18/06/2026 00:00:00,,
813271,Carcaça BV3 inferior,25.0,PV,18/06/2026 00:00:00,,
813270,Carcaça BV3 superior,14.0,PV,18/06/2026 00:00:00,,
813310,Cilindro da chave,5.0,PV,18/06/2026 00:00:00,,
813096,Engrenagem ext DZ nova,13.0,Roginei,18/06/2026 00:00:00,,
813243,Engrenagem ext industrial,4.0,Roginei,18/06/2026 00:00:00,,
813146,Gomo alumínio,462.0,Cremalheiras,18/06/2026 00:00:00,,
813281,Suporte orelha do BV,28.0,Acionamento,18/06/2026 00:00:00,,
813281,Suporte orelha do BV,28.0,Acionamento,18/06/2026 00:00:00,,
813262,Acoplamento New BV,110.0,DZ,10/07/2026 14:34:40,,
813151,Base DZ inferior Nylon,2.0,DZ,10/07/2026 14:35:00,,
813262,Acoplamento New BV,110.0,ACIONAMENTO,13/07/2026 11:16:03,,
813151,Base DZ inferior Nylon,2.0,DZ,13/07/2026 11:16:23,,
804246,Base DZ superior Nylon,2.0,DZ,13/07/2026 11:16:30,,
804542,Base inf PP deslizante,36.0,DZ,13/07/2026 11:16:39,,
813257,Base da central NBV,5.0,NEW BV,13/07/2026 11:16:51,,
804540,Base Superior PP DZ,36.0,DZ,13/07/2026 11:17:01,,
813521,Borboleta,5.0,PV,13/07/2026 11:17:11,,
813271,Carcaça BV3 inferior,25.0,CARCAÇAS,13/07/2026 11:17:26,,
813270,Carcaça BV3 superior,43.0,CARCAÇAS,13/07/2026 11:17:36,,
813259,Carcaça New BV com encoder,1.0,NEW BV,13/07/2026 11:17:46,,
813258,Carcaça New BV inferior,6.0,NEW BV,13/07/2026 11:17:56,,
813265,Carcaça New BV superior,1.0,NEW BV,13/07/2026 11:18:03,,
813310,Cilindro da chave,5.0,PV,13/07/2026 11:18:12,,
813146,Gomo alumínio,115.0,CREMALHEIRAS,13/07/2026 11:18:23,,
813128,Gomo alumínio industrial,66.0,CREMALHEIRAS,13/07/2026 11:18:31,,
813251,Sem fim alumínio,51.0,MONTAGEM MOTOR,13/07/2026 11:18:43,,
813281,Suporte orelha do BV,28.0,PV,13/07/2026 11:18:58,,
813248,Tampa Grafite,1.0,DZ,13/07/2026 11:19:07,,
813025,Ventoinha,3.0,PV,13/07/2026 11:19:16,,
813521,Borboleta,5.0,PV,13/07/2026 16:34:13,,
811775,Caixa New BV,18.0,NEW BV,13/07/2026 16:34:44,,
813271,Carcaça BV3 inferior,13.0,PV,13/07/2026 16:35:09,,
813270,Carcaça BV3 superior,7.0,PV,13/07/2026 16:35:18,,
813258,Carcaça New BV inferior,4.0,NEW BV,13/07/2026 16:35:49,,
813265,Carcaça New BV superior,4.0,NEW BV,13/07/2026 16:35:57,,
813310,Cilindro da chave,3.0,PV,13/07/2026 16:36:20,,
813037,Engrenagem DZ antiga,10.0,ENGRENAGEM,13/07/2026 16:36:42,,
813096,Engrenagem ext DZ nova,2.0,ENGRENAGEM,13/07/2026 16:36:51,,
813146,Gomo alumínio,123.0,CREMALHEIRAS,13/07/2026 16:37:07,,
813251,Sem fim alumínio,60.0,MONTAGEM MOTOR,13/07/2026 16:37:29,,
813281,Suporte orelha do BV,58.0,PV,13/07/2026 16:37:43,,
813256,Tampa do New BV,2.0,NEW BV,14/07/2026 16:21:47,,
813033,Tampa da ventoinha,1.0,PV,14/07/2026 16:22:06,,
813025,Ventoinha,1.0,BV,14/07/2026 16:22:23,,
804247,Base da central DZ,2.0,DZ,14/07/2026 16:22:47,,
813257,Base da central NBV,7.0,NEW BV,14/07/2026 16:23:05,,
813623,Batente alumínio (novo),2.0,ACIONAMENTO,17/07/2026 15:43:12,,
813521,Borboleta,2.0,PV,17/07/2026 15:43:35,,
813271,Carcaça BV3 inferior,117.0,PV,17/07/2026 15:47:32,,
813270,Carcaça BV3 superior,42.0,PV,17/07/2026 15:47:56,,
813265,Carcaça New BV superior,42.0,NEW BV,17/07/2026 15:49:04,,
813310,Cilindro da chave,1.0,PV,17/07/2026 15:49:30,,
813281,Suporte orelha do BV,59.0,PV,20/07/2026 07:00:23,,
813053,Acoplamento BV,3.0,DZ,23/07/2026 16:21:40,,
813199,Base de alumínio DZ,79.0,DZ,24/07/2026 07:00:45,,
813241,Base Inferior Industrial,7.0,DZ,24/07/2026 07:01:08,,
813153,Base superior Industrial,29.0,DZ,24/07/2026 07:01:15,,
813271,Carcaça BV3 inferior,64.0,PV,24/07/2026 07:02:10,,
813271,Carcaça BV3 inferior,64.0,PV,24/07/2026 07:02:10,,
813270,Carcaça BV3 superior,56.0,PV,24/07/2026 07:02:30,,
813259,Carcaça New BV com encoder,2.0,NEW BV,24/07/2026 07:02:52,,
813525,Eixo DZ novo,7.0,ENGRENAGEM,24/07/2026 07:03:08,,
813146,Gomo alumínio,328.0,CREMALHEIRAS,24/07/2026 07:03:38,,
813281,Suporte orelha do BV,7.0,PV,24/07/2026 07:04:12,,
813257,Base da central NBV,2.0,NEW BV,24/07/2026 15:08:37,,
804246,Base DZ superior Nylon,4.0,DZ,24/07/2026 15:09:08,,
813151,Base DZ inferior Nylon,2.0,DZ,24/07/2026 15:09:24,,
804326,Base Pivo New,3.0,PLACAS,24/07/2026 15:09:49,,
813260,Calço estator NBV,17.0,DZ,24/07/2026 15:10:42,,
813080,Gomo plástico,83.0,CREMALHEIRAS,24/07/2026 15:11:10,,
813317,Mancal superior PV,2.0,ACIONAMENTO,24/07/2026 15:11:55,,
813316,Porca fêmea,2.0,ACIONAMENTO,24/07/2026 15:12:45,,
813033,Tampa da ventoinha,4.0,PV,24/07/2026 15:13:33,,
813179,Tampa do BV,2.0,BV,24/07/2026 15:14:04,,
804327,Tampa Pivo New,2.0,PLACAS,24/07/2026 15:14:37,,
813248,Tampa Grafite,14.0,DZ,24/07/2026 15:15:02,,
813024,Tampa preta DZ,5.0,DZ,24/07/2026 15:15:29,,
813024,Tampa preta DZ,5.0,DZ,24/07/2026 15:15:29,,
813025,Ventoinha,14.0,MONTAGEM MOTOR,24/07/2026 15:16:05,,
804247,Base da central DZ,3.0,DZ,24/07/2026 15:16:35,,
813525,Eixo DZ novo,0.0,DZ,24/07/2026 15:18:18,,
813096,Engrenagem ext DZ nova,7.0,ENGRENAGEM,24/07/2026 15:18:38,,
813199,Base de alumínio DZ,86.0,DZ,28/07/2026 16:09:22,,
813623,Batente alumínio (novo),4.0,ACIONAMENTO,28/07/2026 16:10:32,,
813521,Borboleta,60.0,KIT,28/07/2026 16:11:21,,
813271,Carcaça BV3 inferior,55.0,DZ,28/07/2026 16:11:58,,
813270,Carcaça BV3 superior,31.0,PV,28/07/2026 16:12:17,,
813311,Chave PV alumínio,35.0,KIT,28/07/2026 16:15:27,,
813037,Engrenagem DZ antiga,1.0,ENGRENAGEM,28/07/2026 16:15:54,,
813096,Engrenagem ext DZ nova,4.0,ENGRENAGEM,28/07/2026 16:16:12,,
813146,Gomo alumínio,82.0,CREMALHEIRAS,28/07/2026 16:16:38,,
813251,Sem fim alumínio,33.0,MONTAGEM MOTOR,28/07/2026 16:17:02,,
813281,Suporte orelha do BV,59.0,PV,28/07/2026 16:17:29,,
813241,Base Inferior Industrial,1.0,DZ,04/08/2026 14:15:34,,
813623,Batente alumínio (novo),5.0,ACIONAMENTO,04/08/2026 14:16:15,,
813521,Borboleta,16.0,PV,04/08/2026 14:16:43,,
813271,Carcaça BV3 inferior,55.0,PV,04/08/2026 14:17:21,,
813270,Carcaça BV3 superior,43.0,PV,04/08/2026 14:17:39,,
813258,Carcaça New BV inferior,2.0,NEW BV,04/08/2026 14:18:19,,
813265,Carcaça New BV superior,6.0,NEW BV,04/08/2026 14:18:43,,
813096,Engrenagem ext DZ nova,3.0,ENGRENAGEM,04/08/2026 14:19:28,,
813146,Gomo alumínio,156.0,CREMALHEIRAS,04/08/2026 14:20:01,,
813306,Suporte orelha New BV,1.0,KIT,04/08/2026 14:20:37,,
813281,Suporte orelha do BV,10.0,PV,04/08/2026 14:20:56,,
813251,Sem fim alumínio,59.0,MONTAGEM MOTOR,04/08/2026 14:21:24,,
813257,Base da central NBV,5.0,NEW BV,04/08/2026 15:06:39,,
804542,Base inf PP deslizante,1.0,DZ,04/08/2026 15:07:08,,
804540,Base Superior PP DZ,9.0,DZ,04/08/2026 15:07:28,,
813260,Calço estator NBV,16.0,MANCAL,04/08/2026 15:09:25,,
804508,Engrenagem BV/PIVO,3.0,MANCAL,04/08/2026 15:14:20,,
804462,Acabamento do tubo,4,PV,06/08/2026 23:23:09,,
804462,Acabamento do tubo,4.0,DZ,06/08/2026 23:14:49,,
